"0","packages <- c(""statnet"", ""igraph"", ""RSiena"", ""EpiModel"", ""kableExtra"", ""netdiffuseR"", ""sna"", ""ergm"", ""coda"", ""lattice"", ""plyr"", ""dplyr"", ""tidyr"", ""magrittr"",""mosaic"", ""snatools"", ""tidyverse"", ""ggplot2"", ""ggnetwork"", ""visNetwork"", ""GGally"", ""ggraph"", ""networkD3"", ""ndtv"", ""amen"", ""knitr"", ""rio"")"
"0","missing.packages <- which(!packages %in% installed.packages()[,""Package""])"
"0","if(length(missing.packages)) install.packages(packages[missing.packages])"
"1","Warning in "
"1","install.packages"
"1"," :
  "
"1","package ‘snatools’ is not available (for R version 3.5.0)"
"1","
"
"0","#lapply(packages, require, character.only=T)"
"0","library(tidyverse)"
"2","package ‘ggplot2’ was built under R version 3.5.2"
"2","package ‘tibble’ was built under R version 3.5.2"
"2","package ‘tidyr’ was built under R version 3.5.2"
"2","package ‘dplyr’ was built under R version 3.5.2"
