{"chunk_definitions":[{"chunk_id":"c2d1akay60ex8","chunk_label":"unnamed-chunk-11","document_id":"85BD8C60","expansion_state":0,"options":{"engine":"r","label":"unnamed-chunk-199"},"row":153,"row_count":1,"visible":true},{"chunk_id":"c1un160x53niu","chunk_label":"unnamed-chunk-12","document_id":"85BD8C60","expansion_state":0,"options":{"engine":"r","label":"unnamed-chunk-203"},"row":169,"row_count":1,"visible":true},{"chunk_id":"c54vdjdz0mnq6","chunk_label":"unnamed-chunk-13","document_id":"85BD8C60","expansion_state":0,"options":{"engine":"r","label":"unnamed-chunk-212"},"row":199,"row_count":1,"visible":true},{"chunk_id":"cfo4b62qjw9f8","chunk_label":"unnamed-chunk-14","document_id":"85BD8C60","expansion_state":0,"options":{"engine":"r","label":"unnamed-chunk-213"},"row":205,"row_count":1,"visible":true},{"chunk_id":"cgjz3ezrsmy35","chunk_label":"unnamed-chunk-15","document_id":"85BD8C60","expansion_state":0,"options":{"engine":"r","label":"unnamed-chunk-257"},"row":226,"row_count":1,"visible":true},{"chunk_id":"ccgddgfv0cuav","chunk_label":"unnamed-chunk-16","document_id":"85BD8C60","expansion_state":0,"options":{"engine":"r","eval":false,"label":"unnamed-chunk-333"},"row":254,"row_count":1,"visible":true},{"chunk_id":"c31sodfqmlk1k","chunk_label":"unnamed-chunk-18","document_id":"85BD8C60","expansion_state":0,"options":{"engine":"r","label":"unnamed-chunk-261"},"row":300,"row_count":1,"visible":true},{"chunk_id":"ch7me1n7agb6v","chunk_label":"unnamed-chunk-22","document_id":"85BD8C60","expansion_state":0,"options":{"engine":"r","label":"unnamed-chunk-292"},"row":395,"row_count":1,"visible":true},{"chunk_id":"ct4lgfjs67nn3","chunk_label":"unnamed-chunk-29","document_id":"85BD8C60","expansion_state":0,"options":{},"row":571,"row_count":1,"visible":true},{"chunk_id":"cwdczladh33r3","chunk_label":"unnamed-chunk-30","document_id":"85BD8C60","expansion_state":0,"options":{"engine":"r","label":"unnamed-chunk-24"},"row":587,"row_count":1,"visible":true},{"chunk_id":"cfxh4m2b6z87w","chunk_label":"unnamed-chunk-32","document_id":"85BD8C60","expansion_state":0,"options":{"engine":"r","label":"unnamed-chunk-27"},"row":607,"row_count":1,"visible":true},{"chunk_id":"cbt16ztzvgw1r","chunk_label":"unnamed-chunk-33","document_id":"85BD8C60","expansion_state":0,"options":{"engine":"r","label":"unnamed-chunk-356"},"row":613,"row_count":1,"visible":true},{"chunk_id":"cn2urzydfg9gf","chunk_label":"unnamed-chunk-42","document_id":"85BD8C60","expansion_state":0,"options":{"engine":"r","label":"unnamed-chunk-377"},"row":711,"row_count":1,"visible":true}],"chunk_rendered_width":700,"doc_write_time":1558438237}