{"chunk_definitions":[{"chunk_id":"czxgzpngcphhq","chunk_label":"unnamed-chunk-2","document_id":"1AAC33B9","expansion_state":0,"options":{"engine":"r","eval":false,"label":"unnamed-chunk-7","message":false,"results":false,"tidy":true,"warning":false},"row":37,"row_count":1,"visible":true},{"chunk_id":"cxzzt82ele0q1","chunk_label":"unnamed-chunk-3","document_id":"ACB202C9","expansion_state":0,"options":{"engine":"r","include":false,"label":"unnamed-chunk-1","message":false,"warning":false},"row":42,"row_count":1,"visible":true},{"chunk_id":"ck9tjhvj622tg","chunk_label":"unnamed-chunk-4","document_id":"ACB202C9","expansion_state":0,"options":{"engine":"r","label":"unnamed-chunk-2"},"row":56,"row_count":1,"visible":true},{"chunk_id":"ca4u8kg1ozuci","chunk_label":"unnamed-chunk-6","document_id":"1AAC33B9","expansion_state":0,"options":{"engine":"r","label":"unnamed-chunk-60"},"row":75,"row_count":1,"visible":true},{"chunk_id":"ctujl4akp84eq","chunk_label":"unnamed-chunk-7","document_id":"ACB202C9","expansion_state":0,"options":{"engine":"r","label":"unnamed-chunk-45","tidy":true},"row":82,"row_count":1,"visible":true},{"chunk_id":"cvijxbs8hwytz","chunk_label":"unnamed-chunk-8","document_id":"ACB202C9","expansion_state":0,"options":{"engine":"r","label":"unnamed-chunk-49","tidy":true},"row":89,"row_count":1,"visible":true},{"chunk_id":"c9hl9ed3kvr5y","chunk_label":"unnamed-chunk-12","document_id":"1AAC33B9","expansion_state":0,"options":{"engine":"r","label":"unnamed-chunk-5"},"row":139,"row_count":1,"visible":true},{"chunk_id":"cmobhvv37cmg2","chunk_label":"unnamed-chunk-14","document_id":"1AAC33B9","expansion_state":0,"options":{"engine":"r","label":"unnamed-chunk-7"},"row":159,"row_count":1,"visible":true},{"chunk_id":"cjw2n1oafx3lu","chunk_label":"unnamed-chunk-15","document_id":"ACB202C9","expansion_state":0,"options":{"engine":"r","label":"unnamed-chunk-8","results":false,"warning":false},"row":171,"row_count":1,"visible":true},{"chunk_id":"cs0n2sx2qdhyw","chunk_label":"unnamed-chunk-16","document_id":"1AAC33B9","expansion_state":0,"options":{"engine":"r","label":"unnamed-chunk-9"},"row":181,"row_count":1,"visible":true},{"chunk_id":"ctsvvvjq4zgq1","chunk_label":"unnamed-chunk-17","document_id":"1AAC33B9","expansion_state":0,"options":{"engine":"r","label":"unnamed-chunk-10"},"row":191,"row_count":1,"visible":true},{"chunk_id":"ckjz67d5z6ckl","chunk_label":"unnamed-chunk-18","document_id":"1AAC33B9","expansion_state":0,"options":{"engine":"r","label":"unnamed-chunk-11"},"row":205,"row_count":1,"visible":true},{"chunk_id":"c7wgz35wbvj55","chunk_label":"unnamed-chunk-19","document_id":"1AAC33B9","expansion_state":0,"options":{"engine":"r","label":"unnamed-chunk-12"},"row":215,"row_count":1,"visible":true},{"chunk_id":"cgte6lr7fy2ol","chunk_label":"unnamed-chunk-20","document_id":"ACB202C9","expansion_state":0,"options":{"engine":"r","label":"unnamed-chunk-13"},"row":226,"row_count":1,"visible":true},{"chunk_id":"cvee0vjp7juad","chunk_label":"unnamed-chunk-21","document_id":"ACB202C9","expansion_state":0,"options":{"engine":"r","label":"unnamed-chunk-14","tidy":true},"row":235,"row_count":1,"visible":true},{"chunk_id":"cvsc56adp9w2k","chunk_label":"unnamed-chunk-22","document_id":"ACB202C9","expansion_state":0,"options":{"engine":"r","label":"unnamed-chunk-22"},"row":243,"row_count":1,"visible":true},{"chunk_id":"c8jrsqojxw225","chunk_label":"unnamed-chunk-23","document_id":"ACB202C9","expansion_state":0,"options":{"engine":"r","label":"unnamed-chunk-16"},"row":271,"row_count":1,"visible":true},{"chunk_id":"ceajurdwhr1p8","chunk_label":"unnamed-chunk-24","document_id":"1AAC33B9","expansion_state":0,"options":{"engine":"r","label":"unnamed-chunk-17","tidy":true},"row":288,"row_count":1,"visible":true},{"chunk_id":"c9mnuatcey0mj","chunk_label":"unnamed-chunk-25","document_id":"ACB202C9","expansion_state":0,"options":{"engine":"r","label":"unnamed-chunk-18"},"row":301,"row_count":1,"visible":true},{"chunk_id":"cxr5b51ou3osg","chunk_label":"unnamed-chunk-28","document_id":"ACB202C9","expansion_state":0,"options":{"engine":"r","label":"unnamed-chunk-21"},"row":325,"row_count":1,"visible":true},{"chunk_id":"cncpnwniowhxj","chunk_label":"unnamed-chunk-29","document_id":"ACB202C9","expansion_state":0,"options":{"engine":"r","label":"unnamed-chunk-22"},"row":339,"row_count":1,"visible":true},{"chunk_id":"cxs0dnf8deh1l","chunk_label":"unnamed-chunk-30","document_id":"ACB202C9","expansion_state":0,"options":{"engine":"r","eval":false,"label":"unnamed-chunk-28"},"row":349,"row_count":1,"visible":true},{"chunk_id":"chf6ilr2nu2zr","chunk_label":"unnamed-chunk-31","document_id":"ACB202C9","expansion_state":0,"options":{"engine":"r","label":"unnamed-chunk-29"},"row":360,"row_count":1,"visible":true},{"chunk_id":"c7esboulye4s1","chunk_label":"unnamed-chunk-33","document_id":"ACB202C9","expansion_state":0,"options":{"engine":"r","label":"unnamed-chunk-30"},"row":382,"row_count":1,"visible":true},{"chunk_id":"ccehva62974xp","chunk_label":"unnamed-chunk-34","document_id":"ACB202C9","expansion_state":0,"options":{"engine":"r","eval":false,"include":false,"label":"unnamed-chunk-33"},"row":388,"row_count":1,"visible":true},{"chunk_id":"ck57p2xiay7j9","chunk_label":"unnamed-chunk-35","document_id":"ACB202C9","expansion_state":0,"options":{"engine":"r","label":"unnamed-chunk-34"},"row":396,"row_count":1,"visible":true},{"chunk_id":"cpandheewmlxd","chunk_label":"unnamed-chunk-36","document_id":"ACB202C9","expansion_state":0,"options":{"engine":"r","label":"unnamed-chunk-35"},"row":415,"row_count":1,"visible":true},{"chunk_id":"cgpaqn9yekbe9","chunk_label":"unnamed-chunk-38","document_id":"ACB202C9","expansion_state":0,"options":{"engine":"r","label":"unnamed-chunk-37"},"row":424,"row_count":1,"visible":true},{"chunk_id":"chc0q408bs5qh","chunk_label":"unnamed-chunk-40","document_id":"ACB202C9","expansion_state":0,"options":{"engine":"r","label":"unnamed-chunk-5"},"row":458,"row_count":1,"visible":true},{"chunk_id":"cy87kd9gbzys6","chunk_label":"unnamed-chunk-41","document_id":"ACB202C9","expansion_state":0,"options":{"engine":"r","label":"unnamed-chunk-90"},"row":540,"row_count":1,"visible":true},{"chunk_id":"cy7mnra49k7po","chunk_label":"unnamed-chunk-55","document_id":"ACB202C9","expansion_state":0,"options":{"engine":"r","label":"unnamed-chunk-41"},"row":814,"row_count":1,"visible":true},{"chunk_id":"c5biay95gkri8","chunk_label":"unnamed-chunk-59","document_id":"ACB202C9","expansion_state":0,"options":{"engine":"r","label":"unnamed-chunk-40"},"row":899,"row_count":1,"visible":true},{"chunk_id":"cfywax5y027bu","chunk_label":"unnamed-chunk-60","document_id":"ACB202C9","expansion_state":0,"options":{"engine":"r","label":"unnamed-chunk-38"},"row":911,"row_count":1,"visible":true}],"chunk_rendered_width":700,"doc_write_time":1558413444}