"0","ahs.net <- network::network(AHS_Edges, matrix.type = ""edgelist"")"
"0","AHS_Nodes$gender <- ifelse(AHS_Nodes$sex==1, ""M"", ""F"")"
"0","network::set.vertex.attribute(ahs.net, ""gender"", AHS_Nodes$gender)"
"0","nodeColors <- ifelse(AHS_Nodes$gender == ""M"", ""hotpink"", ""dodgerblue"")"
"0","gender.label <- network::get.vertex.attribute(ahs.net, ""gender"")"
"0","gplot(ahs.net, gmode = ""digraph"", displaylabels = TRUE, vertex.col = nodeColors, "
"0","    label = gender.label, label.cex = 0.5, label.col = nodeColors, mode=""fruchtermanreingold"","
"0","    usearrows = FALSE, usecurve = TRUE, edge.curve = 0.1)"
