{"chunk_definitions":[{"chunk_id":"cqfekf4ib4frm","chunk_label":"unnamed-chunk-25","document_id":"9A4B0BC3","expansion_state":0,"options":{"engine":"r","label":"unnamed-chunk-38"},"row":732,"row_count":1,"visible":true},{"chunk_id":"cchc3wy0nso5o","chunk_label":"unnamed-chunk-26","document_id":"9A4B0BC3","expansion_state":0,"options":{"engine":"r","label":"unnamed-chunk-24"},"row":775,"row_count":1,"visible":true},{"chunk_id":"cmlgdviaq7y9h","chunk_label":"unnamed-chunk-27","document_id":"9A4B0BC3","expansion_state":0,"options":{"engine":"r","label":"unnamed-chunk-29"},"row":791,"row_count":1,"visible":true},{"chunk_id":"crtgwsr7pqz40","chunk_label":"unnamed-chunk-28","document_id":"9A4B0BC3","expansion_state":0,"options":{"engine":"r","label":"unnamed-chunk-30"},"row":826,"row_count":1,"visible":true},{"chunk_id":"ckqar6rc4sc2v","chunk_label":"unnamed-chunk-29","document_id":"9A4B0BC3","expansion_state":0,"options":{"engine":"r","label":"unnamed-chunk-36"},"row":848,"row_count":1,"visible":true},{"chunk_id":"cnthq2m0uexvm","chunk_label":"unnamed-chunk-31","document_id":"9A4B0BC3","expansion_state":0,"options":{"engine":"r","eval":false,"label":"unnamed-chunk-13"},"row":932,"row_count":1,"visible":true},{"chunk_id":"cf37ll9e0w8o3","chunk_label":"unnamed-chunk-32","document_id":"9A4B0BC3","expansion_state":0,"options":{"engine":"r","label":"unnamed-chunk-15"},"row":982,"row_count":1,"visible":true}],"chunk_rendered_width":679,"doc_write_time":1558523820}