<?xml version="1.0" encoding="UTF-8"?>
<!DOCTYPE pdf2xml SYSTEM "pdf2xml.dtd">

<pdf2xml producer="poppler" version="0.59.0">
<page number="1" position="absolute" top="0" left="0" height="1266" width="1092">
	<fontspec id="0" size="13" family="Times" color="#000000"/>
	<fontspec id="1" size="10" family="Times" color="#000000"/>
	<fontspec id="2" size="12" family="Times" color="#000000"/>
	<fontspec id="3" size="7" family="Times" color="#000000"/>
	<fontspec id="4" size="10" family="Times" color="#000000"/>
	<fontspec id="5" size="9" family="Times" color="#000000"/>
	<fontspec id="6" size="9" family="Times" color="#000000"/>
	<fontspec id="7" size="8" family="Times" color="#000000"/>
	<fontspec id="8" size="4" family="Times" color="#000000"/>
	<fontspec id="9" size="20" family="Times" color="#000000"/>
<image top="-14" left="2" width="1093" height="1307" src="200_outNormal.pdf-1_1.png"/>
<text top="59" left="60" width="25" height="14" font="0">'200</text>
<text top="60" left="345" width="460" height="11" font="1">®U fflebolferung nacE} Saupt* unb SftebehSeriif. -r 1; Spreufjett. tfreiS DfdjerSleben.</text>
<text top="157" left="106" width="77" height="13" font="2">SenifSarteif</text>
<text top="253" left="79" width="97" height="11" font="1">160 tfarBenbruderei </text>
<text top="254" left="176" width="7" height="9" font="3">t</text>
<text top="253" left="183" width="29" height="11" font="1">-. . .</text>
<text top="265" left="79" width="130" height="11" font="1">161 fBljotogrimbie.............</text>
<text top="277" left="79" width="132" height="11" font="1">162 SRaler' unb ©ilb Bauer.</text>
<text top="291" left="79" width="132" height="11" font="1">163 ©raDeute, lERobeQeuce .</text>
<text top="304" left="79" width="142" height="11" font="1">164 SRuftetjetdjnet, $atttgrapb </text>
<text top="316" left="68" width="149" height="11" font="1">B 166 ©emeriif. ©erf. <i>oi- nSf).</i> ©ej</text>
<text top="336" left="85" width="139" height="11" font="1">1 ffiateu* u. ©tobuftenBanbel </text>
<text top="348" left="85" width="126" height="11" font="1">2@elb* unb Sfrebitbanbef.</text>
<text top="361" left="68" width="150" height="11" font="1">C 3®u&lt;f&gt;», Jhtnfl*, fDtufilatienl </text>
<text top="374" left="68" width="143" height="11" font="1">C 4 Seitungsoeilag ufn. . .</text>
<text top="386" left="68" width="141" height="11" font="1">0 6 SaufUibaitbcI.............</text>
<text top="399" left="68" width="147" height="11" font="1">C 6 SanbeiSDermitlefung • - </text>
<text top="412" left="68" width="147" height="11" font="1">C 7 &amp;UfSgener6e beg ©anbelS </text>
<text top="425" left="68" width="154" height="11" font="1">C 8 ©erfteig., SexlriBung ufto </text>
<text top="438" left="68" width="133" height="11" font="1">C 9 Steffenbetmittelung . ■</text>
<text top="451" left="68" width="150" height="11" font="1">C 10 2lnnon£enoenn.,2luSfunft3l </text>
<text top="463" left="68" width="144" height="11" font="1">C 11 ©erfidjttnngggenerbe . ■</text>
<text top="476" left="68" width="152" height="11" font="1">C 12 ©oil* u. 2'elegraDbcnbetrie </text>
<text top="489" left="67" width="134" height="11" font="1">C 13 EifertbaBnbetrieb . . .</text>
<text top="501" left="68" width="154" height="11" font="1">C 14 ©ojl&amp;alt., ©etfottenfufiitoet </text>
<text top="514" left="68" width="154" height="11" font="1">C 16 Spebition, ©iiteibeffitberg </text>
<text top="527" left="67" width="144" height="11" font="1">C 17 SrrG#tfu$sw«rt . . .</text>
<text top="540" left="67" width="143" height="11" font="1">C 23 fBienftmannSiniUtute ufffl.</text>
<text top="550" left="67" width="139" height="11" font="1">C 25 Slbbecfeteir................ ..</text>
<text top="566" left="67" width="144" height="11" font="1">C 26 SeicBenBeffattung ....</text>
<text top="578" left="67" width="142" height="11" font="1">C 27 &lt;3Saft* u. Stfcantnirtfdjaft</text>
<text top="596" left="67" width="144" height="11" font="1">D 1 £&gt;5u§Iidjt ©ienfle ufn.. .</text>
<text top="610" left="67" width="147" height="11" font="1">D 2 So&amp;nar&amp;ett toe^fefnbet Strt</text>
<text top="629" left="67" width="144" height="11" font="1">E l Prince unb SfriegSffo’tte. .</text>
<text top="642" left="68" width="144" height="11" font="1">E 2 StaatS*, ©emeinbeSlenft .</text>
<text top="655" left="68" width="144" height="11" font="1">E 3 ftirdje, retig. Slnjlatten. •</text>
<text top="668" left="68" width="144" height="11" font="1">E 4 (EtiUBung unb Untacti^t.</text>
<text top="681" left="68" width="142" height="11" font="1">E 5 Sefunb&amp;ettSpflege.............</text>
<text top="693" left="68" width="86" height="11" font="1">E 6 SrtoatoeJeljtte </text>
<text top="707" left="68" width="144" height="11" font="1">E 8 SRufif, Sweatee ufn. . . .</text>
<text top="726" left="68" width="144" height="11" font="1">F1 SRentnet unb ©enfionfite .</text>
<text top="739" left="68" width="146" height="11" font="1">F 2 Sort UnlerRfi&amp;wtg fiebenbe </text>
<text top="751" left="68" width="154" height="11" font="1">F 3 <i>emu.</i> ni$t bei ben «nge&amp; </text>
<text top="764" left="68" width="148" height="11" font="1">F 4 3nf. bon ffiobltfit-Bnilalt- </text>
<text top="777" left="68" width="144" height="11" font="1">F 5 Jftmeu&amp;auS-Snfoffen . • •</text>
<text top="790" left="78" width="132" height="11" font="1">6 3nf- Don Siedieuanftalten</text>
<text top="802" left="78" width="134" height="11" font="1">7 Snf. Don Smmmjlalten •</text>
<text top="815" left="69" width="144" height="11" font="1">F 8 3nf. Don ©ttafanflalteu. .</text>
<text top="828" left="69" width="153" height="11" font="1">F 9 Ofjne ®&lt;ruf u. fierufSangabe</text>
<text top="855" left="69" width="153" height="11" font="1">95cruf§atiteirungett:</text>
<text top="879" left="69" width="156" height="11" font="1">A.£anb* u. fjotflnittfdjnft </text>
<text top="892" left="69" width="156" height="11" font="1">BSerg&amp;au unb Snbuflrfe. </text>
<text top="905" left="69" width="136" height="11" font="1">C$anbef unb.©etfe&amp;r. </text>
<text top="918" left="69" width="156" height="11" font="1">DSauSt aienfte, Eagelobn </text>
<text top="931" left="69" width="34" height="11" font="1">Efiff- </text>
<text top="931" left="147" width="75" height="11" font="1">ft.®etuf$atl.</text>
<text top="943" left="69" width="134" height="11" font="1">FOBne Seruf.................</text>
<text top="962" left="69" width="6" height="11" font="1">a</text>
<text top="960" left="76" width="3" height="14" font="0">-</text>
<text top="962" left="79" width="8" height="11" font="1">f</text>
<text top="960" left="86" width="113" height="14" font="0"> gtnflanjen..........</text>
<text top="1001" left="80" width="131" height="11" font="1">12. ftteis Dfdjer&amp;Iebett.</text>
<text top="1027" left="69" width="84" height="10" font="5">A <b>1</b> Sanbnirtfdjaft</text>
<text top="1039" left="69" width="147" height="10" font="5">A 2 flunfl* u. S»anbelSgfithterei </text>
<text top="1052" left="69" width="86" height="10" font="5">A 3 £ieriud)t. ’. .</text>
<text top="1065" left="69" width="88" height="10" font="5">A 4 ftocftoittfdjaft </text>
<text top="1078" left="69" width="87" height="10" font="5">A 6 ©imtenfifdjerei</text>
<text top="1096" left="69" width="10" height="10" font="5">B </text>
<text top="1096" left="90" width="73" height="10" font="5">1 ©rggenmnung</text>
<text top="1109" left="69" width="10" height="10" font="5">B </text>
<text top="1109" left="90" width="69" height="10" font="5">2 SiiUten&amp;ettteb</text>
<text top="1123" left="69" width="125" height="10" font="5">B 3 ©atigeiuinnung- - •</text>
<text top="1135" left="69" width="151" height="10" font="5">B 4 Stein* u. fflraunfoljlen ufn</text>
<text top="116" left="258" width="76" height="13" font="2">grttierbStatige</text>
<text top="186" left="227" width="59" height="11" font="1">£guf)t6eruf</text>
<text top="186" left="299" width="58" height="11" font="1">92e6cn6eruf</text>
<text top="98" left="370" width="25" height="9" font="7">«nge«</text>
<text top="107" left="369" width="26" height="11" font="1">$3ng*</text>
<text top="117" left="373" width="19" height="9" font="7">o&amp;ne</text>
<text top="128" left="368" width="32" height="9" font="7">«/' </text>
<text top="146" left="374" width="19" height="9" font="7">unb </text>
<text top="155" left="368" width="31" height="9" font="7">£&gt;ien[t. </text>
<text top="165" left="372" width="24" height="9" font="7">Dotcn </text>
<text top="175" left="369" width="27" height="9" font="7">bet im</text>
<text top="183" left="368" width="29" height="11" font="1">$OUpt&gt;</text>
<text top="194" left="372" width="22" height="9" font="7">beruf</text>
<text top="202" left="375" width="14" height="11" font="4"><i>(St-</i></text>
<text top="211" left="238" width="3" height="11" font="4"><i>t</i></text>
<text top="222" left="232" width="16" height="11" font="1">3R.</text>
<text top="222" left="303" width="16" height="11" font="4"><i>m.</i></text>
<text top="222" left="340" width="15" height="11" font="1">s.</text>
<text top="212" left="368" width="29" height="11" font="1">wer6?&gt;</text>
<text top="222" left="369" width="30" height="11" font="1">tatigeu</text>
<text top="252" left="252" width="5" height="11" font="1">1</text>
<text top="247" left="295" width="26" height="11" font="1">•__</text>
<text top="252" left="393" width="5" height="11" font="1">3</text>
<text top="265" left="251" width="7" height="11" font="1">4</text>
<text top="268" left="269" width="22" height="5" font="8">—</text>
<text top="264" left="309" width="19" height="11" font="1">• i</text>
<text top="263" left="344" width="12" height="11" font="1">__</text>
<text top="265" left="393" width="5" height="11" font="1">3</text>
<text top="278" left="251" width="42" height="11" font="1">4 ____ _</text>
<text top="277" left="322" width="23" height="11" font="1">i - </text>
<text top="278" left="345" width="4" height="9" font="3">j</text>
<text top="276" left="349" width="8" height="11" font="1">_</text>
<text top="278" left="393" width="6" height="11" font="1">4</text>
<text top="291" left="251" width="5" height="11" font="1">1</text>
<text top="288" left="309" width="12" height="11" font="1">__</text>
<text top="291" left="393" width="5" height="11" font="1">5</text>
<text top="304" left="251" width="6" height="11" font="1">2</text>
<text top="301" left="274" width="19" height="11" font="1">_ &#34;</text>
<text top="301" left="305" width="9" height="11" font="1">* -</text>
<text top="317" left="244" width="13" height="11" font="1">45</text>
<text top="315" left="286" width="6" height="11" font="1">2</text>
<text top="316" left="315" width="13" height="11" font="1">14</text>
<text top="314" left="345" width="12" height="11" font="1">_</text>
<text top="317" left="387" width="12" height="11" font="1">99</text>
<text top="323" left="318" width="3" height="11" font="1">«</text>
<text top="324" left="338" width="5" height="11" font="1">i*</text>
<text top="336" left="238" width="18" height="11" font="1">680</text>
<text top="335" left="273" width="18" height="11" font="1">361</text>
<text top="335" left="309" width="19" height="11" font="1">344</text>
<text top="336" left="345" width="54" height="11" font="1">249 '1210</text>
<text top="348" left="245" width="12" height="11" font="1">14</text>
<text top="347" left="273" width="12" height="11" font="1">—</text>
<text top="348" left="322" width="12" height="11" font="1">2 ‘</text>
<text top="349" left="370" width="28" height="11" font="1">- 11</text>
<text top="361" left="245" width="12" height="11" font="1">11</text>
<text top="361" left="286" width="7" height="11" font="1">4</text>
<text top="361" left="322" width="6" height="11" font="1">8</text>
<text top="361" left="358" width="4" height="11" font="1">5</text>
<text top="361" left="387" width="12" height="11" font="1">14</text>
<text top="374" left="248" width="9" height="11" font="1">”8</text>
<text top="373" left="286" width="6" height="11" font="1">8</text>
<text top="373" left="322" width="6" height="11" font="1">9</text>
<text top="374" left="358" width="5" height="11" font="1">9</text>
<text top="374" left="393" width="5" height="11" font="1">6</text>
<text top="386" left="251" width="6" height="11" font="1">5</text>
<text top="386" left="280" width="12" height="11" font="1">13</text>
<text top="386" left="321" width="7" height="11" font="1">4</text>
<text top="386" left="358" width="5" height="11" font="1">2</text>
<text top="386" left="387" width="11" height="11" font="1">29</text>
<text top="399" left="245" width="12" height="11" font="1">12</text>
<text top="396" left="273" width="13" height="14" font="0">_</text>
<text top="399" left="322" width="6" height="11" font="1">7</text>
<text top="399" left="358" width="5" height="11" font="1">1</text>
<text top="399" left="387" width="12" height="11" font="1">26</text>
<text top="409" left="273" width="13" height="14" font="0">_</text>
<text top="412" left="322" width="5" height="11" font="1">1</text>
<text top="408" left="345" width="12" height="14" font="0">_</text>
<text top="412" left="393" width="5" height="11" font="1">2</text>
<text top="425" left="245" width="12" height="11" font="1">28</text>
<text top="425" left="287" width="5" height="11" font="1">1</text>
<text top="425" left="316" width="12" height="11" font="1">28</text>
<text top="425" left="358" width="5" height="11" font="1">1</text>
<text top="425" left="387" width="12" height="11" font="1">69</text>
<text top="436" left="238" width="13" height="11" font="1">__</text>
<text top="437" left="287" width="6" height="11" font="4"><i>2</i></text>
<text top="437" left="322" width="5" height="11" font="1">2</text>
<text top="438" left="358" width="5" height="11" font="1">1</text>
<text top="436" left="380" width="12" height="11" font="1">__</text>
<text top="451" left="249" width="8" height="11" font="1">&#34;2</text>
<text top="450" left="287" width="5" height="11" font="1">1</text>
<text top="447" left="309" width="13" height="14" font="0">_</text>
<text top="449" left="345" width="11" height="11" font="1">_</text>
<text top="451" left="393" width="5" height="11" font="1">2</text>
<text top="464" left="245" width="12" height="11" font="1">11</text>
<text top="466" left="274" width="12" height="5" font="8">—.</text>
<text top="463" left="316" width="12" height="11" font="1">66</text>
<text top="462" left="345" width="12" height="11" font="1">_</text>
<text top="464" left="387" width="12" height="11" font="1">16</text>
<text top="477" left="239" width="19" height="11" font="1">114</text>
<text top="476" left="287" width="5" height="11" font="1">9</text>
<text top="476" left="316" width="12" height="11" font="1">21</text>
<text top="477" left="358" width="5" height="11" font="1">3</text>
<text top="477" left="380" width="18" height="11" font="1">242</text>
<text top="490" left="238" width="19" height="11" font="1">408</text>
<text top="489" left="287" width="5" height="11" font="1">2</text>
<text top="489" left="322" width="5" height="11" font="1">3</text>
<text top="490" left="358" width="5" height="11" font="1">1</text>
<text top="490" left="380" width="18" height="11" font="1">991</text>
<text top="503" left="245" width="12" height="11" font="1">55</text>
<text top="501" left="287" width="5" height="11" font="1">2</text>
<text top="502" left="322" width="5" height="11" font="1">5</text>
<text top="500" left="345" width="12" height="11" font="1">_</text>
<text top="503" left="381" width="18" height="11" font="1">117</text>
<text top="515" left="248" width="9" height="11" font="1">.9</text>
<text top="514" left="287" width="5" height="11" font="1">1</text>
<text top="515" left="323" width="5" height="11" font="1">5</text>
<text top="513" left="345" width="12" height="11" font="1">_</text>
<text top="515" left="387" width="12" height="11" font="1">24</text>
<text top="528" left="245" width="12" height="11" font="1">16</text>
<text top="528" left="278" width="14" height="11" font="1">‘ 2</text>
<text top="528" left="315" width="12" height="11" font="4"><i>21</i></text>
<text top="526" left="345" width="11" height="11" font="1">_</text>
<text top="528" left="386" width="12" height="11" font="1">41</text>
<text top="541" left="251" width="5" height="11" font="1">2</text>
<text top="540" left="278" width="14" height="11" font="1">‘18</text>
<text top="539" left="309" width="16" height="11" font="1">__</text>
<text top="541" left="357" width="5" height="11" font="1">4</text>
<text top="541" left="387" width="12" height="11" font="1">10</text>
<text top="554" left="248" width="8" height="11" font="1">'6</text>
<text top="553" left="287" width="5" height="11" font="1">1</text>
<text top="553" left="322" width="4" height="11" font="1">1</text>
<text top="552" left="344" width="12" height="11" font="1">_</text>
<text top="554" left="386" width="12" height="11" font="1">29</text>
<text top="566" left="249" width="8" height="11" font="1">'2</text>
<text top="566" left="287" width="5" height="11" font="1">7</text>
<text top="566" left="322" width="5" height="11" font="1">8</text>
<text top="567" left="358" width="5" height="11" font="1">5</text>
<text top="567" left="393" width="6" height="11" font="1">8</text>
<text top="579" left="238" width="18" height="11" font="1">265</text>
<text top="579" left="274" width="18" height="11" font="1">205</text>
<text top="579" left="315" width="12" height="11" font="1">78</text>
<text top="580" left="345" width="17" height="11" font="1">101</text>
<text top="579" left="380" width="18" height="11" font="1">560</text>
<text top="598" left="245" width="12" height="11" font="1">42</text>
<text top="598" left="274" width="18" height="11" font="1">128</text>
<text top="599" left="322" width="5" height="11" font="1">3</text>
<text top="599" left="351" width="12" height="11" font="1">15</text>
<text top="599" left="387" width="11" height="11" font="1">80</text>
<text top="612" left="244" width="12" height="11" font="1">46</text>
<text top="611" left="280" width="12" height="11" font="1">16</text>
<text top="612" left="322" width="5" height="11" font="1">6</text>
<text top="612" left="358" width="5" height="11" font="1">1</text>
<text top="612" left="380" width="18" height="11" font="1">113</text>
<text top="631" left="245" width="12" height="11" font="1">47</text>
<text top="627" left="274" width="12" height="11" font="1">__</text>
<text top="628" left="309" width="12" height="11" font="1">_</text>
<text top="628" left="345" width="11" height="11" font="1">_</text>
<text top="631" left="393" width="5" height="11" font="1">9</text>
<text top="643" left="239" width="18" height="11" font="1">275</text>
<text top="643" left="287" width="5" height="11" font="1">2</text>
<text top="643" left="312" width="16" height="11" font="1">.46</text>
<text top="643" left="358" width="5" height="11" font="1">1</text>
<text top="643" left="380" width="18" height="11" font="1">469</text>
<text top="656" left="245" width="12" height="11" font="1">49</text>
<text top="655" left="274" width="15" height="11" font="1">__.</text>
<text top="656" left="311" width="17" height="11" font="1">-44</text>
<text top="656" left="380" width="19" height="11" font="1">174</text>
<text top="669" left="239" width="18" height="11" font="1">208</text>
<text top="669" left="280" width="12" height="11" font="1">48</text>
<text top="669" left="316" width="12" height="11" font="1">10</text>
<text top="670" left="350" width="13" height="11" font="1">14</text>
<text top="670" left="380" width="19" height="11" font="1">384</text>
<text top="682" left="245" width="12" height="11" font="1">47</text>
<text top="682" left="281" width="11" height="11" font="1">66</text>
<text top="682" left="316" width="12" height="11" font="1">69</text>
<text top="683" left="358" width="6" height="11" font="1">5</text>
<text top="683" left="376" width="24" height="11" font="1">.114</text>
<text top="695" left="248" width="9" height="11" font="1">1</text>
<text top="694" left="274" width="15" height="11" font="1">__‘</text>
<text top="694" left="309" width="12" height="11" font="1">__</text>
<text top="693" left="345" width="13" height="11" font="1">___</text>
<text top="694" left="380" width="12" height="11" font="1">__</text>
<text top="708" left="239" width="18" height="11" font="1">142</text>
<text top="708" left="281" width="12" height="11" font="1">25</text>
<text top="708" left="316" width="12" height="11" font="1">23</text>
<text top="709" left="358" width="5" height="11" font="1">3</text>
<text top="708" left="387" width="12" height="11" font="1">50</text>
<text top="728" left="233" width="61" height="11" font="1">1407 1037</text>
<text top="728" left="374" width="25" height="11" font="1">1629</text>
<text top="741" left="245" width="12" height="11" font="1">16</text>
<text top="740" left="280" width="12" height="11" font="1">46</text>
<text top="741" left="387" width="12" height="11" font="1">15</text>
<text top="753" left="239" width="18" height="11" font="1">169</text>
<text top="753" left="274" width="18" height="11" font="1">101</text>
<text top="752" left="380" width="12" height="11" font="1">__</text>
<text top="766" left="252" width="5" height="11" font="1">2</text>
<text top="766" left="281" width="11" height="11" font="1">21</text>
<text top="764" left="380" width="13" height="11" font="1">__</text>
<text top="778" left="247" width="10" height="11" font="1">-3</text>
<text top="779" left="287" width="5" height="11" font="1">6</text>
<text top="776" left="332" width="3" height="11" font="1">*</text>
<text top="779" left="393" width="7" height="11" font="1">4</text>
<text top="791" left="247" width="10" height="11" font="1">-1</text>
<text top="791" left="287" width="11" height="11" font="1">6 .</text>
<text top="790" left="379" width="1" height="11" font="1">.</text>
<text top="804" left="251" width="7" height="11" font="1">4</text>
<text top="804" left="281" width="12" height="11" font="1">60</text>
<text top="803" left="381" width="12" height="11" font="1">_</text>
<text top="817" left="245" width="12" height="11" font="1">12</text>
<text top="817" left="281" width="12" height="11" font="1">10</text>
<text top="816" left="381" width="12" height="11" font="1">__</text>
<text top="830" left="248" width="10" height="11" font="1">•8</text>
<text top="830" left="277" width="17" height="11" font="1">•64</text>
<text top="830" left="387" width="12" height="11" font="1">29</text>
<text top="881" left="232" width="96" height="11" font="1">7270 7179 6751</text>
<text top="882" left="339" width="60" height="11" font="1">5918 10235</text>
<text top="893" left="230" width="63" height="11" font="1">.0606 4208</text>
<text top="895" left="310" width="19" height="11" font="1">557</text>
<text top="895" left="346" width="54" height="11" font="1">191 19713</text>
<text top="907" left="233" width="60" height="11" font="1">1650 • 636</text>
<text top="908" left="310" width="18" height="11" font="1">613</text>
<text top="908" left="346" width="17" height="11" font="1">£82</text>
<text top="908" left="375" width="25" height="11" font="1">3407</text>
<text top="920" left="246" width="12" height="11" font="1">88</text>
<text top="920" left="275" width="19" height="11" font="1">144</text>
<text top="920" left="319" width="10" height="11" font="1">•9</text>
<text top="920" left="352" width="11" height="11" font="1">16</text>
<text top="920" left="377" width="23" height="11" font="1">183</text>
<text top="932" left="239" width="19" height="11" font="1">769</text>
<text top="933" left="275" width="18" height="11" font="1">141</text>
<text top="933" left="310" width="18" height="11" font="1">192</text>
<text top="934" left="348" width="52" height="11" font="1">-23 1260</text>
<text top="945" left="233" width="61" height="11" font="1">1622 4352</text>
<text top="946" left="375" width="25" height="11" font="1">1677</text>
<text top="966" left="261" width="102" height="12" font="1">10660 8102 6530</text>
<text top="1028" left="233" width="24" height="11" font="1">6119</text>
<text top="1029" left="268" width="60" height="11" font="1">6481 ‘ 6042</text>
<text top="1030" left="339" width="24" height="11" font="1">5395</text>
<text top="1030" left="374" width="25" height="11" font="1">8706</text>
<text top="1040" left="239" width="18" height="11" font="1">160</text>
<text top="1042" left="281" width="12" height="11" font="1">31</text>
<text top="1041" left="316" width="21" height="12" font="4"><i>26 </i>• </text>
<text top="1042" left="351" width="12" height="11" font="1">1‘5</text>
<text top="1043" left="381" width="18" height="11" font="1">179</text>
<text top="1054" left="252" width="5" height="11" font="1">2</text>
<text top="1057" left="274" width="12" height="5" font="8">_</text>
<text top="1055" left="320" width="9" height="11" font="4"><i>A</i></text>
<text top="1053" left="346" width="12" height="11" font="1">_</text>
<text top="1055" left="394" width="5" height="11" font="1">1</text>
<text top="1067" left="246" width="11" height="11" font="1">57</text>
<text top="1067" left="288" width="5" height="11" font="1">i</text>
<text top="1067" left="315" width="13" height="11" font="1">18</text>
<text top="1068" left="359" width="5" height="11" font="1">2</text>
<text top="1068" left="381" width="18" height="11" font="1">112</text>
<text top="1080" left="253" width="40" height="13" font="1">3 . &gt;</text>
<text top="1080" left="323" width="34" height="12" font="1">1 ■ —</text>
<text top="1081" left="394" width="5" height="11" font="1">9</text>
<text top="1099" left="248" width="10" height="11" font="1">•1</text>
<text top="1097" left="311" width="12" height="11" font="1">_</text>
<text top="1100" left="394" width="5" height="11" font="1">7</text>
<text top="1112" left="246" width="13" height="11" font="1">10</text>
<text top="1113" left="323" width="5" height="11" font="1">1</text>
<text top="1109" left="346" width="9" height="14" font="0">__</text>
<text top="1111" left="355" width="3" height="11" font="1">_</text>
<text top="1113" left="386" width="14" height="11" font="1">'14</text>
<text top="1125" left="239" width="19" height="11" font="1">679</text>
<text top="1125" left="288" width="40" height="11" font="1">1 ‘ 10</text>
<text top="1128" left="333" width="13" height="5" font="8">» </text>
<text top="1124" left="346" width="12" height="11" font="1">__</text>
<text top="1126" left="375" width="24" height="11" font="1">1829</text>
<text top="1138" left="240" width="19" height="11" font="1">576</text>
<text top="1138" left="287" width="6" height="11" font="1">4</text>
<text top="1139" left="323" width="5" height="11" font="1">3</text>
<text top="1144" left="346" width="12" height="5" font="8">—</text>
<text top="1139" left="375" width="24" height="11" font="1">13l7</text>
<text top="157" left="449" width="73" height="11" font="1">23eruf§aften</text>
<text top="253" left="409" width="145" height="11" font="1">B 7 Steinmeien, SteinBauee</text>
<text top="265" left="409" width="142" height="11" font="1">B 8 Steiti6riid»e................</text>
<text top="278" left="409" width="144" height="11" font="1">B 10 JBieS unb Sanb . *. . .</text>
<text top="291" left="410" width="153" height="11" font="1">B 11 ftalf, Sement, fErafj ufn </text>
<text top="304" left="409" width="153" height="11" font="1">B 12 8ementnaren, ‘Sententnul </text>
<text top="317" left="409" width="154" height="11" font="1">B 13 <i>&amp;'aibielen,</i> fiofffanbft. ufn </text>
<text top="329" left="409" width="145" height="11" font="1">B 15 Biegeiei SourS&amp;tenfabt </text>
<text top="342" left="410" width="142" height="11" font="1">B 19 OHaSbfitten, ©InSDerebe </text>
<text top="355" left="409" width="135" height="11" font="1">B 22 Jhipfetfdjtniebe ....</text>
<text top="368" left="409" width="134" height="11" font="1">B 23 91ot« unb ©el&amp;giegei .</text>
<text top="380" left="409" width="140" height="11" font="1">B 27 Sonf). unebfe SRetaKe </text>
<text top="393" left="409" width="134" height="11" font="1">B 28 (Sifengiejjeret . '. . .</text>
<text top="406" left="410" width="75" height="11" font="1">B 30 JNtmpnet</text>
<text top="419" left="410" width="132" height="11" font="1">B 31 ©ledjnaren.............</text>
<text top="432" left="410" width="134" height="11" font="1">B 32 Stifte, ftfigel ufn.. .</text>
<text top="444" left="409" width="135" height="11" font="1">B 33 &lt;3hob*(&amp;uf*)f(&amp;ntiebe .</text>
<text top="457" left="409" width="134" height="11" font="1">B 34 Sd)(offeceU . . r . .</text>
<text top="470" left="410" width="144" height="11" font="1">B 35 geug* u.-SBaffenfdjmteb </text>
<text top="483" left="410" width="125" height="11" font="1">B 36 fJeilenGiiuet ....</text>
<text top="496" left="409" width="147" height="11" font="1">B 38 ©abet*, ®rabtnarenfa&amp;t </text>
<text top="508" left="410" width="136" height="11" font="1">B 40 2Rafd)tnen, SBetfseuge </text>
<text top="521" left="410" width="134" height="11" font="1">B 413JJiiB(en6auet ..</text>
<text top="534" left="409" width="135" height="11" font="1">6” 42 SteQmaifcr, SBagnet .</text>
<text top="547" left="409" width="152" height="11" font="1">If 43 Ttutomobil* u. ga&amp;ri5berf6</text>
<text top="560" left="427" width="117" height="11" font="1">45 ©fitifeutnadjer ....</text>
<text top="571" left="428" width="114" height="11" font="1">46 Sonfitge ©&lt;5u6naffeu</text>
<text top="586" left="427" width="114" height="11" font="1">47 Ubrmacbet................</text>
<text top="599" left="428" width="128" height="11" font="1">49 Souft. 9RufiIin|humente</text>
<text top="611" left="427" width="140" height="11" font="1">50 2Ratbem. u(to. 3n^nunente </text>
<text top="623" left="427" width="107" height="11" font="1">53 SlelttoUcfitti! . . .</text>
<text top="636" left="410" width="154" height="11" font="1">B“ 55 Ebcntifdbe ufn. VVSbatate</text>
<text top="649" left="410" width="141" height="11" font="1">B 56 StpotbeteE...................</text>
<text top="663" left="410" width="145" height="11" font="1">B_ 59 Sihtbloattn.................</text>
<text top="676" left="410" width="149" height="11" font="1">B *60 ®eiatb. o. 2C6fu5r|loffen </text>
<text top="689" left="410" width="144" height="11" font="1">B 62 ®a3anfta(ten. .^. . . .</text>
<text top="701" left="410" width="143" height="11" font="1">B 63 2idjte, Seifen.............</text>
<text top="714" left="409" width="144" height="11" font="1">B 683Be6ecri.......................</text>
<text top="727" left="410" width="148" height="11" font="1">B 70 Stticfetei unb SSixIerei </text>
<text top="740" left="409" width="145" height="11" font="1">B <i>yi $&amp;teiei, Gtubed . . .</i></text>
<text top="753" left="409" width="144" height="11" font="1">B 7234rietei....................</text>
<text top="766" left="410" width="142" height="11" font="1">B 75 ©diet..........................</text>
<text top="778" left="410" width="144" height="11" font="1">IH 76 Ke&amp;e, SegeL Sdtfe . .</text>
<text top="791" left="410" width="78" height="11" font="1">B 79 ®aptei, ®</text>
<text top="792" left="488" width="5" height="9" font="3">o</text>
<text top="791" left="493" width="8" height="11" font="1">M</text>
<text top="792" left="501" width="8" height="9" font="3">k</text>
<text top="791" left="508" width="2" height="11" font="1"> </text>
<text top="792" left="510" width="7" height="9" font="3">u</text>
<text top="791" left="517" width="50" height="11" font="1">. $aDiert£ </text>
<text top="805" left="428" width="132" height="11" font="1">81 ®u(bbiub.^actonnagenibt</text>
<text top="817" left="428" width="104" height="11" font="1">83 (Serbem.............</text>
<text top="830" left="428" width="107" height="11" font="1">87 Sliemer, Satttec . .</text>
<text top="843" left="428" width="105" height="11" font="1">89 Sapesiecex.............</text>
<text top="855" left="428" width="107" height="11" font="1">90 SumntilDftren . . .</text>
<text top="868" left="410" width="125" height="11" font="1">B- 93 $)ot}3uri(btung . ^.</text>
<text top="881" left="411" width="125" height="11" font="1">B 94 @co&amp;e £&gt;o(itDaien .</text>
<text top="894" left="410" width="122" height="11" font="1">B 95£if4[ei................</text>
<text top="907" left="410" width="122" height="11" font="1">B 96 ®5Ui5ec................</text>
<text top="919" left="410" width="125" height="11" font="1">B~ 97 ftotbntadier ....</text>
<text top="932" left="410" width="154" height="11" font="1">B&#34; 99 Son^.^(edbtex.D.£)oti u(n&gt; </text>
<text top="943" left="410" width="128" height="11" font="1">B 100 SJteifietei .... </text>
<text top="958" left="410" width="125" height="11" font="1">B.103 fflarfteumadjei . . .</text>
<text top="971" left="409" width="125" height="11" font="1">B 105 @etcett&gt;eni&amp;btat . .</text>
<text top="983" left="410" width="126" height="11" font="1">B 106SMerei, ffonbitorei </text>
<text top="996" left="410" width="125" height="11" font="1">B 107 Siubenjudet ....</text>
<text top="1009" left="410" width="126" height="11" font="1">B 108 St5tfejudet, Sicup </text>
<text top="1022" left="410" width="157" height="11" font="1">B 109 Ttnb.Deget. tRabcungSmittel </text>
<text top="1034" left="410" width="126" height="11" font="1">B 110 gleifdjec (S^IA^tec)</text>
<text top="1047" left="410" width="153" height="11" font="1">B 112 ffonbeuf.tDtil^,®utttr.^ </text>
<text top="1060" left="410" width="146" height="11" font="1">B 113 ftonfetDenfabcilation . . </text>
<text top="1073" left="411" width="143" height="11" font="1">B_116 SDHneratwalfet .....</text>
<text top="1086" left="411" width="141" height="11" font="1">B.117 SKSUeret...................</text>
<text top="1099" left="411" width="143" height="11" font="1">B 118Stouecet .......</text>
<text top="1111" left="410" width="144" height="11" font="1">B&#34;i ID Staunttwinbrennerei. .</text>
<text top="1124" left="411" width="142" height="11" font="1">B 120 S$aum», ObillDeinfabc.</text>
<text top="1137" left="410" width="136" height="11" font="1">B 121 fifftg...................... '.</text>
<text top="1139" left="546" width="8" height="9" font="3">m</text>
<text top="120" left="600" width="76" height="11" font="1">(JnuerBStartge</text>
<text top="98" left="712" width="28" height="11" font="1">Binge. </text>
<text top="108" left="712" width="29" height="11" font="1">§ttng? </text>
<text top="117" left="715" width="22" height="11" font="1">ol}ne </text>
<text top="127" left="711" width="33" height="11" font="1">fioupu </text>
<text top="136" left="713" width="26" height="11" font="1">Beruf </text>
<text top="146" left="717" width="18" height="11" font="1">unb </text>
<text top="156" left="710" width="33" height="11" font="1">©lenft. </text>
<text top="165" left="713" width="26" height="11" font="1">Botcit </text>
<text top="175" left="710" width="28" height="11" font="1">ber im</text>
<text top="216" left="710" width="30" height="11" font="1">Sffi</text>
<text top="160" left="787" width="80" height="11" font="1">’ScrufSnrieY</text>
<text top="222" left="751" width="3" height="11" font="1">■</text>
<text top="122" left="942" width="75" height="11" font="1">Crmrrl^tiitige</text>
<text top="101" left="1054" width="28" height="11" font="1">ttCnpe» </text>
<text top="110" left="1053" width="28" height="11" font="1">tjSrfge </text>
<text top="120" left="1057" width="21" height="11" font="1">oljite </text>
<text top="129" left="1051" width="33" height="11" font="1">$aupt&gt; </text>
<text top="139" left="1055" width="25" height="11" font="1">beruf </text>
<text top="148" left="1058" width="26" height="11" font="1">unb • </text>
<text top="158" left="1052" width="32" height="11" font="1">©tenft; </text>
<text top="168" left="1055" width="26" height="11" font="1">botcu </text>
<text top="177" left="1053" width="29" height="11" font="1">ber tm </text>
<text top="187" left="1051" width="33" height="11" font="1">$aupi- </text>
<text top="196" left="1055" width="25" height="11" font="1">Benif </text>
<text top="206" left="1058" width="18" height="11" font="1">(St- </text>
<text top="216" left="1051" width="32" height="11" font="1">nerbS* </text>
<text top="226" left="1052" width="30" height="11" font="1">torigeie</text>
<text top="187" left="569" width="59" height="11" font="1">$au))&lt;Getuf</text>
<text top="223" left="611" width="15" height="11" font="1">S.</text>
<text top="187" left="641" width="31" height="11" font="1">9?e&amp;en</text>
<text top="223" left="645" width="16" height="11" font="1">SDt</text>
<text top="187" left="673" width="27" height="11" font="1">Beruf</text>
<text top="222" left="682" width="16" height="11" font="1">S.</text>
<text top="189" left="912" width="28" height="11" font="1">$auf)</text>
<text top="224" left="916" width="16" height="11" font="1">src.</text>
<text top="189" left="944" width="26" height="11" font="1">Beruf</text>
<text top="224" left="953" width="15" height="11" font="1">S3.</text>
<text top="190" left="983" width="30" height="11" font="1">tfteBen</text>
<text top="225" left="987" width="17" height="11" font="1">3R.</text>
<text top="189" left="1015" width="26" height="11" font="1">Beruf</text>
<text top="225" left="1024" width="15" height="11" font="1">26.</text>
<text top="253" left="586" width="12" height="11" font="1">49</text>
<text top="243" left="615" width="13" height="20" font="9">_</text>
<text top="253" left="664" width="6" height="11" font="1">2</text>
<text top="243" left="686" width="12" height="20" font="9">_</text>
<text top="253" left="721" width="19" height="11" font="1">103</text>
<text top="254" left="751" width="152" height="11" font="1">B 122 Jo6ol.............................</text>
<text top="255" left="928" width="12" height="11" font="1">22</text>
<text top="255" left="964" width="12" height="11" font="1">82</text>
<text top="255" left="1041" width="5" height="11" font="1">6</text>
<text top="255" left="1069" width="13" height="11" font="1">26</text>
<text top="266" left="586" width="42" height="11" font="1">59 • —</text>
<text top="267" left="658" width="12" height="11" font="1">17</text>
<text top="266" left="687" width="11" height="11" font="1">—</text>
<text top="266" left="714" width="190" height="12" font="1">'108 B 123 Na&amp;etei..........................</text>
<text top="268" left="964" width="12" height="11" font="1">61</text>
<text top="265" left="992" width="13" height="11" font="1">__</text>
<text top="268" left="1035" width="11" height="11" font="1">10</text>
<text top="268" left="1076" width="5" height="11" font="1">3</text>
<text top="279" left="593" width="40" height="11" font="1">1 .  .—.</text>
<text top="279" left="664" width="6" height="11" font="1">1</text>
<text top="280" left="686" width="12" height="11" font="1">—</text>
<text top="279" left="734" width="5" height="11" font="1">5</text>
<text top="280" left="751" width="154" height="11" font="1">B 124 ©djneiber?t, ffleiberionf. .</text>
<text top="281" left="922" width="19" height="11" font="1">268</text>
<text top="281" left="957" width="19" height="11" font="1">259</text>
<text top="281" left="1006" width="6" height="11" font="1">8</text>
<text top="281" left="1034" width="11" height="11" font="1">43</text>
<text top="281" left="1063" width="18" height="11" font="1">450</text>
<text top="292" left="580" width="18" height="11" font="1">149</text>
<text top="292" left="629" width="5" height="11" font="1">5</text>
<text top="292" left="657" width="12" height="11" font="1">15</text>
<text top="292" left="686" width="13" height="11" font="1">—</text>
<text top="292" left="722" width="183" height="12" font="1">260 B 125 SBiifdjetonfebion ......</text>
<text top="294" left="935" width="5" height="11" font="1">2</text>
<text top="294" left="970" width="5" height="11" font="1">6</text>
<text top="292" left="993" width="12" height="11" font="1">__</text>
<text top="292" left="1028" width="16" height="11" font="1">__*</text>
<text top="294" left="1076" width="5" height="11" font="1">4</text>
<text top="305" left="587" width="11" height="11" font="1">11</text>
<text top="305" left="615" width="13" height="11" font="1">—</text>
<text top="305" left="651" width="13" height="11" font="1">—</text>
<text top="305" left="686" width="14" height="11" font="1">—</text>
<text top="305" left="728" width="174" height="11" font="1">36 B 126 tpufemadjecei...................</text>
<text top="307" left="935" width="5" height="11" font="1">3</text>
<text top="307" left="964" width="12" height="11" font="1">31</text>
<text top="305" left="993" width="12" height="11" font="1">__</text>
<text top="305" left="1028" width="12" height="11" font="1">_</text>
<text top="308" left="1075" width="6" height="11" font="1">4</text>
<text top="317" left="592" width="6" height="11" font="1">2</text>
<text top="318" left="615" width="13" height="11" font="1">—</text>
<text top="318" left="650" width="48" height="11" font="1">— * —</text>
<text top="316" left="721" width="12" height="11" font="1">—</text>
<text top="319" left="751" width="153" height="11" font="1">0 127 <i>WuSflattunQ vox USappttt.</i></text>
<text top="318" left="922" width="12" height="11" font="1">_</text>
<text top="320" left="964" width="12" height="11" font="1">-2</text>
<text top="318" left="992" width="12" height="11" font="1">__</text>
<text top="318" left="1025" width="14" height="11" font="1">-s_</text>
<text top="330" left="580" width="18" height="11" font="1">236</text>
<text top="330" left="621" width="12" height="11" font="1">. 3</text>
<text top="331" left="659" width="10" height="11" font="1">‘6</text>
<text top="331" left="686" width="12" height="11" font="1">—</text>
<text top="331" left="721" width="105" height="12" font="1">436 B 130 Jffitfanet</text>
<text top="332" left="928" width="12" height="11" font="1">10</text>
<text top="332" left="969" width="5" height="11" font="1">1</text>
<text top="331" left="991" width="12" height="11" font="1">__</text>
<text top="331" left="1026" width="13" height="11" font="1">__</text>
<text top="334" left="1075" width="6" height="11" font="1">9</text>
<text top="343" left="593" width="5" height="11" font="1">1</text>
<text top="344" left="615" width="14" height="11" font="1">—</text>
<text top="342" left="646" width="53" height="13" font="1">•— -  —*</text>
<text top="344" left="721" width="13" height="11" font="1">—</text>
<text top="344" left="751" width="154" height="11" font="1">B 134 ©dpi&amp;macljetei .......</text>
<text top="345" left="922" width="18" height="11" font="1">359</text>
<text top="345" left="969" width="5" height="11" font="1">1</text>
<text top="345" left="998" width="12" height="11" font="1">16</text>
<text top="345" left="1039" width="6" height="11" font="1">4</text>
<text top="346" left="1063" width="18" height="11" font="1">533</text>
<text top="356" left="586" width="12" height="11" font="1">34</text>
<text top="356" left="615" width="13" height="11" font="1">—</text>
<text top="356" left="664" width="5" height="11" font="1">1</text>
<text top="356" left="686" width="12" height="11" font="1">—</text>
<text top="356" left="727" width="178" height="12" font="1">47 B 135 Satbiere, giifeuie ....</text>
<text top="358" left="922" width="18" height="11" font="1">127</text>
<text top="358" left="969" width="6" height="11" font="1">2</text>
<text top="358" left="998" width="12" height="11" font="1">14</text>
<text top="358" left="1040" width="5" height="11" font="1">1</text>
<text top="359" left="1063" width="18" height="11" font="1">149</text>
<text top="369" left="586" width="12" height="11" font="1">17</text>
<text top="369" left="615" width="14" height="11" font="1">—</text>
<text top="369" left="664" width="5" height="11" font="1">1</text>
<text top="369" left="686" width="13" height="11" font="1">—</text>
<text top="370" left="728" width="12" height="11" font="1">23</text>
<text top="370" left="751" width="151" height="11" font="1">B 136 Sabeanflalten................</text>
<text top="369" left="921" width="12" height="11" font="1">__</text>
<text top="369" left="956" width="13" height="11" font="1">.—</text>
<text top="371" left="1004" width="6" height="11" font="1">3</text>
<text top="369" left="1027" width="12" height="11" font="1">_</text>
<text top="369" left="1063" width="12" height="11" font="1">_</text>
<text top="382" left="593" width="5" height="11" font="1">6</text>
<text top="382" left="615" width="14" height="11" font="1">—</text>
<text top="380" left="651" width="12" height="11" font="1">—</text>
<text top="382" left="699" width="5" height="11" font="1">l</text>
<text top="382" left="728" width="177" height="11" font="1">11 B 137 SBafdj- u. $(attanf)a(ten .</text>
<text top="382" left="922" width="53" height="13" font="1">__ . 75</text>
<text top="382" left="991" width="13" height="11" font="1">__</text>
<text top="384" left="1034" width="12" height="11" font="1">29</text>
<text top="384" left="1069" width="11" height="11" font="1">21</text>
<text top="394" left="586" width="12" height="11" font="1">63</text>
<text top="393" left="615" width="14" height="11" font="1">—</text>
<text top="394" left="649" width="15" height="11" font="1">'—</text>
<text top="395" left="686" width="13" height="11" font="1">—</text>
<text top="395" left="728" width="176" height="11" font="1">63 B 138 Stemigerei.......................</text>
<text top="396" left="935" width="5" height="11" font="1">2</text>
<text top="395" left="956" width="12" height="11" font="1">__</text>
<text top="395" left="992" width="12" height="11" font="1">__</text>
<text top="395" left="1027" width="12" height="11" font="1">_</text>
<text top="395" left="1076" width="7" height="11" font="4"><i>i</i></text>
<text top="407" left="586" width="12" height="11" font="1">43</text>
<text top="407" left="628" width="6" height="11" font="1">1</text>
<text top="407" left="664" width="5" height="11" font="1">1</text>
<text top="407" left="699" width="5" height="11" font="1">2</text>
<text top="407" left="727" width="12" height="11" font="1">49</text>
<text top="409" left="751" width="154" height="11" font="1">B 139 ftleibertemtg., Stiefefaiidif.</text>
<text top="409" left="934" width="7" height="11" font="1">4</text>
<text top="407" left="957" width="13" height="11" font="1">__</text>
<text top="409" left="1005" width="6" height="11" font="1">2</text>
<text top="407" left="1027" width="12" height="11" font="1">__</text>
<text top="404" left="1075" width="8" height="11" font="1">3</text>
<text top="419" left="593" width="5" height="11" font="1">5</text>
<text top="420" left="615" width="13" height="11" font="1">—</text>
<text top="420" left="650" width="14" height="11" font="4"><i>—t</i></text>
<text top="420" left="686" width="13" height="11" font="1">—</text>
<text top="420" left="734" width="171" height="11" font="1">4 B 140 5&gt;e4infefK0n5ftnflalten . .</text>
<text top="420" left="921" width="12" height="11" font="1">__</text>
<text top="420" left="957" width="12" height="11" font="1">__</text>
<text top="422" left="1005" width="6" height="11" font="1">7</text>
<text top="422" left="1041" width="5" height="11" font="1">1</text>
<text top="420" left="1063" width="12" height="11" font="1">_</text>
<text top="432" left="586" width="12" height="11" font="1">10</text>
<text top="433" left="615" width="13" height="11" font="1">—</text>
<text top="432" left="650" width="14" height="11" font="1">_</text>
<text top="433" left="699" width="5" height="11" font="1">1</text>
<text top="433" left="728" width="177" height="12" font="1">10 B 141 $auuntern&lt;9mung ....</text>
<text top="435" left="922" width="18" height="11" font="1">359</text>
<text top="435" left="970" width="6" height="11" font="1">1</text>
<text top="435" left="999" width="12" height="11" font="1">17</text>
<text top="432" left="1028" width="12" height="11" font="1">_</text>
<text top="436" left="1063" width="18" height="11" font="1">683</text>
<text top="445" left="580" width="24" height="11" font="1">294 .</text>
<text top="446" left="664" width="6" height="11" font="1">2</text>
<text top="446" left="686" width="12" height="11" font="1">-a.</text>
<text top="446" left="721" width="19" height="11" font="1">403</text>
<text top="447" left="751" width="154" height="11" font="1">B 142 tJeOmtefTec, ftultutte^n. .</text>
<text top="447" left="935" width="6" height="11" font="1">6</text>
<text top="446" left="957" width="12" height="11" font="1">__</text>
<text top="446" left="994" width="11" height="11" font="1">_</text>
<text top="446" left="1028" width="11" height="11" font="1">_</text>
<text top="446" left="1070" width="13" height="11" font="4"><i>11\</i></text>
<text top="458" left="580" width="18" height="11" font="1">225</text>
<text top="459" left="615" width="13" height="11" font="1">—</text>
<text top="459" left="664" width="5" height="11" font="1">3</text>
<text top="459" left="686" width="12" height="11" font="1">—</text>
<text top="459" left="721" width="19" height="11" font="1">218</text>
<text top="460" left="751" width="152" height="11" font="1">B 143 SRauter ... -.............</text>
<text top="460" left="922" width="19" height="11" font="1">733</text>
<text top="459" left="957" width="12" height="11" font="1">—</text>
<text top="460" left="999" width="12" height="11" font="1">35</text>
<text top="459" left="1027" width="13" height="11" font="1">__</text>
<text top="461" left="1057" width="24" height="11" font="1">1423</text>
<text top="471" left="593" width="5" height="11" font="1">3</text>
<text top="472" left="616" width="12" height="11" font="1">—</text>
<text top="472" left="651" width="12" height="11" font="1">—</text>
<text top="472" left="734" width="5" height="11" font="1">3</text>
<text top="473" left="751" width="153" height="11" font="1">B 144 Simmetet.......................</text>
<text top="473" left="922" width="18" height="11" font="1">229</text>
<text top="472" left="957" width="14" height="11" font="1">—</text>
<text top="473" left="1006" width="6" height="11" font="1">8</text>
<text top="472" left="1063" width="19" height="11" font="1">39d</text>
<text top="484" left="593" width="5" height="11" font="1">1</text>
<text top="483" left="615" width="14" height="11" font="1">—</text>
<text top="483" left="651" width="13" height="11" font="1">—</text>
<text top="485" left="686" width="12" height="11" font="1">—</text>
<text top="485" left="734" width="167" height="11" font="1">4 B 145 ©lofet.............................</text>
<text top="486" left="935" width="6" height="11" font="1">2</text>
<text top="486" left="970" width="5" height="11" font="1">1</text>
<text top="486" left="1006" width="5" height="11" font="1">2</text>
<text top="486" left="1076" width="4" height="11" font="1">1</text>
<text top="497" left="593" width="6" height="11" font="1">4</text>
<text top="496" left="615" width="13" height="11" font="1">—</text>
<text top="497" left="651" width="12" height="11" font="1">—</text>
<text top="498" left="686" width="12" height="11" font="1">—</text>
<text top="498" left="735" width="5" height="11" font="1">6</text>
<text top="499" left="751" width="154" height="11" font="1">B 146 Stubenmolec, £fiii&lt;6et . •</text>
<text top="499" left="922" width="47" height="11" font="1">115 , ,__</text>
<text top="499" left="1006" width="5" height="11" font="1">1</text>
<text top="498" left="1028" width="12" height="11" font="1">__</text>
<text top="498" left="1051" width="31" height="11" font="1">. 182l</text>
<text top="510" left="581" width="18" height="11" font="1">220</text>
<text top="511" left="629" width="5" height="11" font="1">1</text>
<text top="511" left="664" width="34" height="11" font="1">6 k —</text>
<text top="511" left="722" width="18" height="11" font="1">311</text>
<text top="512" left="751" width="152" height="11" font="1">B 149 2&gt;adjbedet.......................</text>
<text top="512" left="922" width="18" height="11" font="1">111</text>
<text top="511" left="957" width="12" height="11" font="1">__</text>
<text top="514" left="1006" width="6" height="11" font="1">4</text>
<text top="511" left="1028" width="12" height="11" font="1">_</text>
<text top="513" left="1063" width="19" height="11" font="1">18»</text>
<text top="523" left="593" width="6" height="11" font="1">4</text>
<text top="524" left="616" width="13" height="11" font="1">—</text>
<text top="524" left="651" width="13" height="11" font="1">—</text>
<text top="524" left="686" width="14" height="11" font="1">—</text>
<text top="524" left="735" width="5" height="11" font="1">5</text>
<text top="525" left="751" width="153" height="11" font="1">B 150 ^einfebei ....................</text>
<text top="525" left="922" width="18" height="11" font="1">167</text>
<text top="524" left="957" width="12" height="11" font="1">__</text>
<text top="525" left="1006" width="5" height="11" font="1">1</text>
<text top="524" left="1028" width="13" height="11" font="1">__</text>
<text top="526" left="1063" width="18" height="11" font="1">311</text>
<text top="535" left="586" width="12" height="11" font="1">92</text>
<text top="537" left="628" width="7" height="11" font="1">4</text>
<text top="536" left="663" width="35" height="11" font="1">4 * ---</text>
<text top="537" left="721" width="182" height="11" font="1">125 B 161 ®runnenmatljet.............</text>
<text top="538" left="928" width="12" height="11" font="1">16</text>
<text top="535" left="957" width="12" height="11" font="1">__</text>
<text top="538" left="1006" width="5" height="11" font="1">2</text>
<text top="537" left="1028" width="12" height="11" font="1">_</text>
<text top="538" left="1069" width="14" height="11" font="1">5u</text>
<text top="550" left="579" width="14" height="11" font="1">—</text>
<text top="548" left="615" width="13" height="11" font="1">—</text>
<text top="549" left="664" width="5" height="11" font="1">1</text>
<text top="550" left="686" width="12" height="11" font="1">—</text>
<text top="550" left="721" width="12" height="11" font="1">—</text>
<text top="550" left="751" width="153" height="11" font="1">B 152 @a$* u. 2Sa(fetan(agen .</text>
<text top="551" left="934" width="6" height="11" font="1">2</text>
<text top="551" left="970" width="4" height="11" font="1">1</text>
<text top="550" left="992" width="12" height="11" font="1">—</text>
<text top="550" left="1028" width="11" height="11" font="1">—</text>
<text top="550" left="1076" width="7" height="11" font="1">6|</text>
<text top="561" left="592" width="7" height="11" font="1">4</text>
<text top="562" left="616" width="12" height="11" font="1">—</text>
<text top="562" left="662" width="8" height="11" font="1">1</text>
<text top="561" left="686" width="12" height="11" font="1">—</text>
<text top="562" left="734" width="5" height="11" font="1">1</text>
<text top="562" left="751" width="153" height="11" font="1">B 153 Cfenfe&amp;er................ ......</text>
<text top="564" left="935" width="5" height="11" font="1">2</text>
<text top="564" left="970" width="5" height="11" font="1">1</text>
<text top="562" left="991" width="13" height="11" font="1">,_</text>
<text top="561" left="1069" width="14" height="11" font="1">id</text>
<text top="574" left="593" width="5" height="11" font="1">1</text>
<text top="575" left="615" width="13" height="11" font="1">—</text>
<text top="575" left="651" width="11" height="11" font="1">—</text>
<text top="575" left="686" width="12" height="11" font="1">—</text>
<text top="575" left="734" width="6" height="11" font="1">2</text>
<text top="576" left="751" width="152" height="11" font="1">B 154 Sfjocnfletnfegct.............</text>
<text top="577" left="928" width="12" height="11" font="1">10</text>
<text top="575" left="957" width="12" height="11" font="1">—</text>
<text top="574" left="993" width="11" height="11" font="1">_</text>
<text top="575" left="1028" width="12" height="11" font="1">__</text>
<text top="577" left="1069" width="14" height="11" font="1">iH</text>
<text top="587" left="587" width="12" height="11" font="1">34</text>
<text top="586" left="615" width="13" height="11" font="1">—</text>
<text top="588" left="651" width="13" height="11" font="1">—</text>
<text top="588" left="699" width="6" height="11" font="1">3</text>
<text top="588" left="728" width="12" height="11" font="1">53</text>
<text top="588" left="751" width="151" height="11" font="1">B 167 ®udjbtudetei................</text>
<text top="589" left="928" width="12" height="11" font="1">39</text>
<text top="589" left="970" width="5" height="11" font="1">1</text>
<text top="588" left="992" width="12" height="11" font="1">__</text>
<text top="588" left="1028" width="13" height="11" font="1">—</text>
<text top="589" left="1069" width="12" height="11" font="1">41</text>
<text top="601" left="580" width="12" height="11" font="1">—</text>
<text top="601" left="616" width="12" height="11" font="1">—•</text>
<text top="600" left="664" width="6" height="11" font="1">1</text>
<text top="599" left="686" width="14" height="11" font="1">—.</text>
<text top="601" left="722" width="12" height="11" font="1">—</text>
<text top="602" left="752" width="151" height="11" font="1">B 161 $botograpbu................</text>
<text top="602" left="935" width="6" height="11" font="1">7</text>
<text top="601" left="957" width="12" height="11" font="1">—</text>
<text top="601" left="1028" width="12" height="11" font="1">—</text>
<text top="600" left="1069" width="14" height="11" font="1">id</text>
<text top="612" left="593" width="6" height="11" font="1">4</text>
<text top="612" left="651" width="13" height="11" font="1">—</text>
<text top="612" left="686" width="14" height="11" font="1">—</text>
<text top="612" left="722" width="12" height="11" font="1">—</text>
<text top="614" left="752" width="153" height="11" font="1">B 166 OieiDetbl. $etf. ob-nfib^Bej.</text>
<text top="615" left="935" width="5" height="11" font="1">3</text>
<text top="612" left="1028" width="12" height="11" font="1">__</text>
<text top="613" left="1075" width="8" height="11" font="1">d</text>
<text top="625" left="586" width="12" height="11" font="1">40</text>
<text top="624" left="616" width="11" height="11" font="1">—</text>
<text top="625" left="686" width="13" height="11" font="1">—</text>
<text top="626" left="722" width="18" height="11" font="1">119</text>
<text top="625" left="1077" width="6" height="11" font="1">1</text>
<text top="638" left="587" width="12" height="11" font="1">52</text>
<text top="639" left="615" width="14" height="11" font="1">—</text>
<text top="639" left="664" width="5" height="11" font="1">1</text>
<text top="639" left="722" width="18" height="11" font="1">127</text>
<text top="640" left="751" width="153" height="11" font="1">C 1 SBacen* u. ®iobuttenbanbel</text>
<text top="640" left="922" width="18" height="11" font="1">756</text>
<text top="641" left="957" width="19" height="11" font="1">308</text>
<text top="640" left="993" width="18" height="11" font="1">305</text>
<text top="641" left="1028" width="18" height="11" font="1">233</text>
<text top="641" left="1057" width="25" height="11" font="1">137a</text>
<text top="651" left="587" width="13" height="11" font="1">14</text>
<text top="652" left="629" width="41" height="11" font="1">2 , 1</text>
<text top="652" left="728" width="12" height="11" font="1">20</text>
<text top="653" left="751" width="154" height="11" font="1">C 2 @tlb» unb'fitebitbanbel. .</text>
<text top="653" left="928" width="12" height="11" font="1">25</text>
<text top="652" left="957" width="17" height="11" font="1">— „</text>
<text top="653" left="1006" width="5" height="11" font="1">6</text>
<text top="652" left="1028" width="12" height="11" font="1">_</text>
<text top="654" left="1069" width="13" height="11" font="1">29,</text>
<text top="665" left="590" width="9" height="11" font="1">.1</text>
<text top="665" left="651" width="12" height="11" font="1">—</text>
<text top="665" left="687" width="12" height="11" font="1">—</text>
<text top="665" left="721" width="13" height="11" font="1">—</text>
<text top="666" left="751" width="153" height="11" font="1">C 3»ufr JtuniV, 3RuHfalien(|.</text>
<text top="667" left="928" width="12" height="11" font="1">10</text>
<text top="667" left="970" width="5" height="11" font="1">2</text>
<text top="668" left="1004" width="8" height="11" font="1">.4</text>
<text top="667" left="1041" width="5" height="11" font="1">1</text>
<text top="664" left="1070" width="13" height="11" font="1">13]</text>
<text top="677" left="586" width="12" height="11" font="1">43</text>
<text top="678" left="629" width="6" height="11" font="1">2</text>
<text top="679" left="651" width="15" height="11" font="1">—.</text>
<text top="679" left="686" width="12" height="11" font="1">—</text>
<text top="678" left="721" width="19" height="11" font="1">129</text>
<text top="679" left="751" width="153" height="11" font="1">C 4 SeitungSDerfag ufn. ■ ■ ■</text>
<text top="679" left="935" width="6" height="11" font="1">2</text>
<text top="680" left="963" width="12" height="11" font="1">15</text>
<text top="680" left="1006" width="6" height="11" font="1">8</text>
<text top="680" left="1041" width="5" height="11" font="1">6</text>
<text top="678" left="1070" width="13" height="11" font="1">1^</text>
<text top="690" left="593" width="5" height="11" font="1">6</text>
<text top="691" left="616" width="12" height="11" font="1">—</text>
<text top="691" left="651" width="13" height="11" font="1">—</text>
<text top="691" left="686" width="12" height="11" font="1">—</text>
<text top="691" left="728" width="176" height="11" font="1">24 C 5 £iaufierbanbel.................</text>
<text top="693" left="929" width="12" height="11" font="1">17</text>
<text top="693" left="964" width="12" height="11" font="1">22</text>
<text top="692" left="1006" width="6" height="11" font="1">4</text>
<text top="693" left="1041" width="5" height="11" font="1">6</text>
<text top="693" left="1070" width="13" height="11" font="1">53</text>
<text top="703" left="587" width="12" height="11" font="1">10</text>
<text top="703" left="616" width="13" height="11" font="1">—</text>
<text top="704" left="651" width="12" height="11" font="1">—</text>
<text top="703" left="687" width="11" height="11" font="1">—</text>
<text top="704" left="728" width="12" height="11" font="1">28</text>
<text top="705" left="751" width="154" height="11" font="1">C 6 £&gt;anbet4Deimitte(ung . . .</text>
<text top="706" left="929" width="12" height="11" font="1">17</text>
<text top="704" left="957" width="13" height="11" font="1">—</text>
<text top="705" left="1006" width="6" height="11" font="1">9</text>
<text top="704" left="1028" width="12" height="11" font="1">__</text>
<text top="704" left="1067" width="16" height="11" font="1">‘3d</text>
<text top="716" left="587" width="12" height="11" font="1">15</text>
<text top="717" left="622" width="12" height="11" font="1">15</text>
<text top="716" left="664" width="5" height="11" font="1">5</text>
<text top="717" left="699" width="5" height="11" font="1">1</text>
<text top="717" left="728" width="12" height="11" font="1">15</text>
<text top="718" left="751" width="154" height="11" font="1">C 7 SritfSgemerbe b&lt;» SonbetS .</text>
<text top="718" left="935" width="6" height="11" font="1">5</text>
<text top="716" left="958" width="12" height="11" font="1">_</text>
<text top="718" left="1006" width="6" height="11" font="1">7</text>
<text top="716" left="1028" width="12" height="11" font="1">__</text>
<text top="713" left="1076" width="8" height="11" font="1">3</text>
<text top="729" left="581" width="12" height="11" font="1">—</text>
<text top="730" left="629" width="6" height="11" font="1">7</text>
<text top="728" left="651" width="13" height="11" font="1">—</text>
<text top="729" left="686" width="12" height="11" font="1">—</text>
<text top="730" left="734" width="171" height="11" font="1">4 C '8®etReig., ®etleibung ufn.</text>
<text top="731" left="929" width="12" height="11" font="1">37</text>
<text top="731" left="971" width="5" height="11" font="1">1</text>
<text top="731" left="1000" width="12" height="11" font="1">32</text>
<text top="729" left="1028" width="12" height="11" font="1">__</text>
<text top="731" left="1070" width="14" height="11" font="1">96</text>
<text top="743" left="581" width="20" height="11" font="1">— 1</text>
<text top="743" left="628" width="6" height="11" font="1">4</text>
<text top="743" left="651" width="12" height="11" font="1">—</text>
<text top="743" left="686" width="12" height="11" font="1">—</text>
<text top="743" left="735" width="5" height="11" font="1">1</text>
<text top="743" left="751" width="154" height="11" font="1">C 9 SteffenDermitfetung . . . .</text>
<text top="743" left="922" width="13" height="11" font="1">—</text>
<text top="744" left="970" width="6" height="11" font="1">8</text>
<text top="743" left="1006" width="6" height="11" font="1">2</text>
<text top="744" left="1041" width="5" height="11" font="1">3</text>
<text top="744" left="1076" width="5" height="11" font="1">1</text>
<text top="755" left="593" width="5" height="11" font="1">5</text>
<text top="756" left="616" width="12" height="11" font="1">—</text>
<text top="756" left="651" width="12" height="11" font="1">—</text>
<text top="755" left="699" width="5" height="11" font="1">1</text>
<text top="756" left="734" width="5" height="11" font="1">9</text>
<text top="756" left="751" width="154" height="11" font="1">C 11 ®etftd)etung3gcmei6e . . .</text>
<text top="757" left="929" width="12" height="11" font="1">11</text>
<text top="756" left="957" width="12" height="11" font="1">—</text>
<text top="757" left="999" width="12" height="11" font="1">86</text>
<text top="757" left="1041" width="5" height="11" font="1">1</text>
<text top="757" left="1069" width="11" height="11" font="1">22</text>
<text top="767" left="587" width="12" height="11" font="1">11</text>
<text top="768" left="616" width="12" height="11" font="1">■—</text>
<text top="768" left="651" width="12" height="11" font="1">—</text>
<text top="768" left="686" width="12" height="11" font="1">—.</text>
<text top="769" left="728" width="12" height="11" font="1">20</text>
<text top="769" left="751" width="155" height="11" font="1">C 12®oft* u. $e!egtap&amp;en5etrieb</text>
<text top="769" left="922" width="18" height="11" font="1">140</text>
<text top="770" left="970" width="6" height="11" font="1">6</text>
<text top="769" left="1006" width="6" height="11" font="1">7</text>
<text top="769" left="1041" width="4" height="11" font="1">2</text>
<text top="770" left="1063" width="17" height="11" font="1">279</text>
<text top="781" left="587" width="12" height="11" font="1">17</text>
<text top="781" left="622" width="42" height="11" font="1">58 ’ —</text>
<text top="781" left="699" width="5" height="11" font="1">2</text>
<text top="782" left="728" width="12" height="11" font="1">40</text>
<text top="782" left="751" width="153" height="11" font="1">C 13 Sifenfcabnfcetrtefi.............</text>
<text top="782" left="922" width="18" height="11" font="1">502</text>
<text top="782" left="970" width="6" height="11" font="1">5</text>
<text top="782" left="1006" width="6" height="11" font="1">1</text>
<text top="780" left="1028" width="12" height="11" font="1">_</text>
<text top="783" left="1057" width="24" height="11" font="1">1053</text>
<text top="793" left="587" width="12" height="11" font="1">51</text>
<text top="794" left="622" width="12" height="11" font="1">10</text>
<text top="794" left="664" width="5" height="11" font="1">1</text>
<text top="794" left="686" width="13" height="11" font="1">—</text>
<text top="795" left="728" width="177" height="11" font="1">96 C 14 ®oftbnb., Serfoiftnfubnoetl</text>
<text top="795" left="929" width="12" height="11" font="1">32</text>
<text top="794" left="957" width="12" height="11" font="1">.—</text>
<text top="795" left="1000" width="12" height="11" font="1">11</text>
<text top="794" left="1028" width="12" height="11" font="1">__</text>
<text top="796" left="1069" width="11" height="11" font="1">54</text>
<text top="806" left="587" width="12" height="11" font="1">16</text>
<text top="807" left="616" width="12" height="11" font="1">—</text>
<text top="806" left="664" width="5" height="11" font="1">1</text>
<text top="804" left="686" width="13" height="11" font="1">—</text>
<text top="807" left="728" width="12" height="11" font="1">29</text>
<text top="808" left="751" width="154" height="11" font="1">C 16 Stcagenbabnbeteieb ....</text>
<text top="808" left="935" width="5" height="11" font="1">1</text>
<text top="807" left="957" width="12" height="11" font="1">_</text>
<text top="807" left="993" width="12" height="11" font="1">__</text>
<text top="807" left="1028" width="12" height="11" font="1">__</text>
<text top="808" left="1076" width="5" height="11" font="1">2</text>
<text top="818" left="590" width="9" height="11" font="1">.2</text>
<text top="820" left="616" width="12" height="11" font="1">—</text>
<text top="820" left="651" width="12" height="11" font="1">—</text>
<text top="820" left="687" width="12" height="11" font="1">—</text>
<text top="820" left="735" width="171" height="11" font="1">9 C 16 Spebition, &lt;SHUubef5ibe^.</text>
<text top="821" left="929" width="12" height="11" font="1">33</text>
<text top="819" left="957" width="12" height="11" font="1">__</text>
<text top="821" left="1006" width="5" height="11" font="1">2</text>
<text top="820" left="1027" width="13" height="11" font="1">—</text>
<text top="821" left="1069" width="11" height="11" font="1">81</text>
<text top="831" left="581" width="19" height="11" font="1">115</text>
<text top="832" left="629" width="6" height="11" font="1">2</text>
<text top="832" left="664" width="6" height="11" font="1">5</text>
<text top="828" left="691" width="4" height="11" font="1">%</text>
<text top="833" left="722" width="181" height="11" font="1">155 C17 fjtocbtfubmetf ................</text>
<text top="834" left="929" width="12" height="11" font="1">33</text>
<text top="834" left="970" width="5" height="11" font="1">3</text>
<text top="834" left="999" width="12" height="11" font="1">14</text>
<text top="834" left="1040" width="5" height="11" font="1">3</text>
<text top="836" left="1069" width="14" height="11" font="1">73l</text>
<text top="844" left="594" width="5" height="11" font="1">5</text>
<text top="845" left="615" width="14" height="11" font="1">—</text>
<text top="845" left="664" width="5" height="11" font="1">3</text>
<text top="845" left="687" width="12" height="11" font="1">—</text>
<text top="845" left="735" width="170" height="11" font="1">2 G 23 ®ien|hnannStniHtute ufn..</text>
<text top="847" left="935" width="5" height="11" font="1">2</text>
<text top="847" left="961" width="15" height="11" font="1">15</text>
<text top="847" left="1005" width="6" height="11" font="1">2</text>
<text top="847" left="1041" width="5" height="11" font="1">8</text>
<text top="848" left="1069" width="11" height="11" font="1">13</text>
<text top="857" left="591" width="8" height="11" font="1">-1</text>
<text top="858" left="616" width="48" height="11" font="1">— . —</text>
<text top="857" left="685" width="15" height="11" font="1">•—</text>
<text top="857" left="722" width="12" height="11" font="1">—</text>
<text top="859" left="751" width="155" height="11" font="1">C 24 Stragenceinig., SKfubcanft.</text>
<text top="859" left="970" width="5" height="11" font="1">1</text>
<text top="859" left="1006" width="5" height="11" font="1">2</text>
<text top="857" left="1029" width="11" height="11" font="1">.—</text>
<text top="857" left="1063" width="12" height="11" font="1">_</text>
<text top="870" left="593" width="5" height="11" font="1">3</text>
<text top="870" left="616" width="13" height="11" font="1">—</text>
<text top="871" left="646" width="24" height="11" font="1">% 1</text>
<text top="871" left="700" width="5" height="11" font="1">1</text>
<text top="871" left="735" width="170" height="11" font="1">5 G 25 SBbedeiei........................</text>
<text top="872" left="932" width="9" height="11" font="1">4</text>
<text top="870" left="957" width="12" height="11" font="1">__</text>
<text top="870" left="990" width="14" height="11" font="1">.__</text>
<text top="870" left="1028" width="12" height="11" font="1">__</text>
<text top="873" left="1070" width="11" height="11" font="1">11</text>
<text top="883" left="588" width="12" height="11" font="1">65</text>
<text top="883" left="616" width="13" height="11" font="1">—</text>
<text top="884" left="664" width="7" height="11" font="1">4</text>
<text top="883" left="687" width="12" height="11" font="1">—</text>
<text top="884" left="728" width="12" height="11" font="1">85</text>
<text top="884" left="752" width="152" height="11" font="1">C 26 £etdjenbeftattang.............</text>
<text top="885" left="935" width="6" height="11" font="1">5</text>
<text top="886" left="970" width="6" height="11" font="1">9</text>
<text top="885" left="1006" width="6" height="11" font="1">8</text>
<text top="885" left="1041" width="5" height="11" font="4"><i>4</i></text>
<text top="886" left="1070" width="11" height="11" font="1">22</text>
<text top="896" left="581" width="19" height="11" font="1">303</text>
<text top="897" left="629" width="5" height="11" font="1">2</text>
<text top="897" left="658" width="12" height="11" font="1">16</text>
<text top="895" left="687" width="12" height="11" font="1">—</text>
<text top="897" left="723" width="18" height="11" font="1">504</text>
<text top="897" left="752" width="153" height="11" font="1">G 27 @aR. u. S^onlnirtfdbaft .</text>
<text top="898" left="922" width="18" height="11" font="1">231</text>
<text top="898" left="957" width="18" height="11" font="1">147</text>
<text top="898" left="999" width="12" height="11" font="1">49</text>
<text top="898" left="1028" width="17" height="11" font="1">103</text>
<text top="899" left="1063" width="18" height="11" font="1">565</text>
<text top="909" left="588" width="12" height="11" font="1">37</text>
<text top="909" left="615" width="14" height="11" font="1">ii.</text>
<text top="910" left="665" width="5" height="11" font="1">6</text>
<text top="908" left="687" width="12" height="11" font="1">__</text>
<text top="910" left="729" width="12" height="11" font="1">51</text>
<text top="922" left="581" width="18" height="11" font="1">.58</text>
<text top="923" left="629" width="5" height="11" font="1">3</text>
<text top="923" left="665" width="5" height="11" font="1">6</text>
<text top="922" left="687" width="12" height="11" font="1">__</text>
<text top="923" left="728" width="177" height="11" font="1">83 D 1 £)5u4li^e ®ienftc ufn. ■ . ■</text>
<text top="924" left="929" width="12" height="11" font="1">32</text>
<text top="924" left="958" width="19" height="11" font="1">204</text>
<text top="924" left="1006" width="5" height="11" font="1">2</text>
<text top="924" left="1035" width="11" height="11" font="1">23</text>
<text top="924" left="1063" width="18" height="11" font="1">117</text>
<text top="935" left="590" width="9" height="11" font="1">.2</text>
<text top="935" left="616" width="16" height="11" font="1">—■</text>
<text top="936" left="665" width="5" height="11" font="1">1</text>
<text top="935" left="687" width="12" height="11" font="1">—</text>
<text top="936" left="736" width="170" height="11" font="1">6 D 2 £o&amp;nar5eit netbfelnbet ®ct.</text>
<text top="937" left="929" width="12" height="11" font="1">19</text>
<text top="937" left="970" width="6" height="11" font="1">8</text>
<text top="937" left="1006" width="5" height="11" font="1">1</text>
<text top="936" left="1041" width="40" height="12" font="1">2 ' 46</text>
<text top="947" left="594" width="5" height="11" font="1">9</text>
<text top="947" left="616" width="18" height="11" font="1">— *</text>
<text top="949" left="664" width="5" height="11" font="1">1</text>
<text top="947" left="687" width="12" height="11" font="1">_</text>
<text top="949" left="728" width="12" height="11" font="1">10</text>
<text top="960" left="587" width="12" height="11" font="1">10</text>
<text top="960" left="616" width="12" height="11" font="1">—</text>
<text top="960" left="651" width="12" height="11" font="1">__</text>
<text top="960" left="686" width="12" height="11" font="1">__</text>
<text top="962" left="728" width="12" height="11" font="1">15</text>
<text top="961" left="751" width="153" height="11" font="1">E l Strmee unb SiicgSflotte . . .</text>
<text top="962" left="929" width="12" height="11" font="1">12</text>
<text top="960" left="993" width="12" height="11" font="1">_</text>
<text top="959" left="1028" width="13" height="11" font="1">___</text>
<text top="963" left="1076" width="5" height="11" font="1">5</text>
<text top="973" left="581" width="19" height="11" font="1">116</text>
<text top="974" left="629" width="6" height="11" font="1">5</text>
<text top="974" left="658" width="12" height="11" font="1">24</text>
<text top="974" left="699" width="5" height="11" font="1">3</text>
<text top="974" left="722" width="183" height="11" font="1">214 E 2 Stoats*, Oiemeinbebienft . .</text>
<text top="976" left="922" width="18" height="11" font="1">309</text>
<text top="976" left="970" width="5" height="11" font="1">2</text>
<text top="975" left="998" width="12" height="11" font="1">41</text>
<text top="976" left="1063" width="18" height="11" font="1">494</text>
<text top="986" left="581" width="18" height="11" font="1">331</text>
<text top="987" left="622" width="12" height="11" font="1">69</text>
<text top="987" left="658" width="12" height="11" font="1">10</text>
<text top="987" left="693" width="12" height="11" font="1">41</text>
<text top="987" left="721" width="184" height="11" font="1">437 E 3 Sitcfie, ictig. SnftaUen . . ■</text>
<text top="988" left="928" width="12" height="11" font="1">49</text>
<text top="989" left="970" width="6" height="11" font="1">3</text>
<text top="988" left="999" width="13" height="11" font="1">54</text>
<text top="988" left="1037" width="9" height="11" font="4"><i>£</i></text>
<text top="989" left="1063" width="18" height="11" font="1">148</text>
<text top="999" left="581" width="18" height="11" font="1">910</text>
<text top="999" left="616" width="19" height="11" font="1">125</text>
<text top="1000" left="658" width="12" height="11" font="1">66</text>
<text top="1000" left="699" width="5" height="11" font="1">a</text>
<text top="1000" left="716" width="25" height="11" font="1">1761</text>
<text top="1000" left="751" width="154" height="11" font="1">E 4 Srjiebung unb Unteiti^t. .</text>
<text top="1001" left="922" width="18" height="11" font="1">185</text>
<text top="1001" left="964" width="12" height="11" font="1">69</text>
<text top="1001" left="999" width="12" height="11" font="1">21</text>
<text top="1000" left="1034" width="11" height="11" font="1">11</text>
<text top="1001" left="1063" width="19" height="11" font="1">320,</text>
<text top="1011" left="590" width="9" height="11" font="1">.2</text>
<text top="1011" left="616" width="84" height="12" font="1">— *  —1 . —</text>
<text top="1013" left="735" width="168" height="11" font="1">6 E 5 ©efnnb&amp;cilSpflege .............</text>
<text top="1014" left="929" width="12" height="11" font="1">44</text>
<text top="1014" left="964" width="12" height="11" font="1">69</text>
<text top="1013" left="1000" width="12" height="11" font="1">50</text>
<text top="1013" left="1041" width="5" height="11" font="1">3</text>
<text top="1014" left="1064" width="17" height="11" font="1">109</text>
<text top="1024" left="587" width="11" height="11" font="1">51</text>
<text top="1025" left="619" width="15" height="11" font="1">-82</text>
<text top="1025" left="664" width="5" height="11" font="1">1</text>
<text top="1025" left="696" width="9" height="11" font="1">*1</text>
<text top="1026" left="729" width="11" height="11" font="1">63</text>
<text top="1026" left="751" width="154" height="11" font="1">E 6 fPriDatgelebtte . . ...............</text>
<text top="1026" left="935" width="5" height="11" font="1">1</text>
<text top="1025" left="957" width="12" height="11" font="1">_</text>
<text top="1026" left="1006" width="6" height="11" font="1">4</text>
<text top="1026" left="1041" width="5" height="11" font="1">1</text>
<text top="1037" left="581" width="19" height="11" font="1">229</text>
<text top="1038" left="620" width="50" height="11" font="1">-61 • • 77</text>
<text top="1038" left="694" width="11" height="11" font="1">51</text>
<text top="1039" left="723" width="18" height="11" font="1">335</text>
<text top="1038" left="752" width="154" height="11" font="1">E S SOlirfif, Sweatee ufn. . . . .</text>
<text top="1039" left="929" width="12" height="11" font="1">92</text>
<text top="1039" left="970" width="5" height="11" font="1">2</text>
<text top="1039" left="1000" width="12" height="11" font="1">15</text>
<text top="1039" left="1041" width="5" height="11" font="1">2</text>
<text top="1040" left="1070" width="11" height="11" font="1">66</text>
<text top="1050" left="588" width="12" height="11" font="1">84</text>
<text top="1051" left="620" width="15" height="11" font="1">•22</text>
<text top="1051" left="665" width="5" height="11" font="1">5</text>
<text top="1051" left="694" width="11" height="11" font="1">11</text>
<text top="1052" left="723" width="18" height="11" font="1">143</text>
<text top="1063" left="581" width="12" height="11" font="1">—</text>
<text top="1063" left="616" width="12" height="11" font="1">.—</text>
<text top="1064" left="665" width="12" height="11" font="1">2 ,</text>
<text top="1063" left="723" width="12" height="11" font="1">__</text>
<text top="1064" left="752" width="154" height="11" font="1">F1 fftentner unb fBeitfionSre . .</text>
<text top="1065" left="916" width="24" height="11" font="1">1225</text>
<text top="1065" left="958" width="18" height="11" font="1">971</text>
<text top="1066" left="1057" width="24" height="11" font="1">1429</text>
<text top="1076" left="595" width="5" height="11" font="1">6</text>
<text top="1076" left="616" width="12" height="11" font="1">—</text>
<text top="1077" left="665" width="4" height="11" font="1">1</text>
<text top="1077" left="700" width="5" height="11" font="1">1</text>
<text top="1077" left="730" width="11" height="11" font="1">20</text>
<text top="1077" left="752" width="154" height="11" font="1">F 2 Son UuterjlflBung Sebenbe .</text>
<text top="1078" left="935" width="5" height="11" font="1">7</text>
<text top="1078" left="964" width="11" height="11" font="1">30</text>
<text top="1079" left="1070" width="11" height="11" font="1">16</text>
<text top="1089" left="588" width="11" height="11" font="1">36</text>
<text top="1090" left="629" width="5" height="11" font="1">2</text>
<text top="1090" left="665" width="5" height="11" font="1">2</text>
<text top="1088" left="687" width="12" height="11" font="1">__</text>
<text top="1091" left="723" width="18" height="11" font="1">115</text>
<text top="1090" left="752" width="154" height="11" font="1">? 3 Sdjfilet, trit^t bei ben Slngeb.</text>
<text top="1091" left="923" width="18" height="11" font="1">207</text>
<text top="1091" left="958" width="18" height="11" font="1">164</text>
<text top="1102" left="578" width="21" height="11" font="1">,153</text>
<text top="1102" left="623" width="12" height="11" font="1">10</text>
<text top="1102" left="663" width="8" height="11" font="1">4</text>
<text top="1103" left="700" width="206" height="11" font="1">4 ' 296 F 4 3nf. Don S3o&amp;ttat.*tfnfiatt. .</text>
<text top="1104" left="933" width="8" height="11" font="1">*5</text>
<text top="1104" left="964" width="12" height="11" font="1">24</text>
<text top="1115" left="588" width="12" height="11" font="1">19</text>
<text top="1114" left="617" width="12" height="11" font="1">—</text>
<text top="1115" left="665" width="6" height="11" font="1">4</text>
<text top="1114" left="688" width="11" height="11" font="1">_</text>
<text top="1116" left="730" width="11" height="11" font="1">30</text>
<text top="1115" left="752" width="154" height="11" font="1">F 5 StnuenbauS»3nfaffen . . . .</text>
<text top="1117" left="933" width="8" height="11" font="1">-1</text>
<text top="1117" left="962" width="14" height="11" font="1">• 8</text>
<text top="1127" left="591" width="9" height="11" font="1">• 3</text>
<text top="1126" left="616" width="15" height="11" font="1">—</text>
<text top="1127" left="652" width="12" height="11" font="1">__</text>
<text top="1127" left="687" width="12" height="11" font="1">_</text>
<text top="1129" left="736" width="5" height="11" font="1">3</text>
<text top="1128" left="752" width="153" height="11" font="1">F 6 3nf. bon Siedjenanfialten .</text>
<text top="1129" left="929" width="11" height="11" font="1">19</text>
<text top="1130" left="964" width="11" height="11" font="1">23</text>
<text top="1127" left="991" width="20" height="11" font="1">s .</text>
<text top="1125" left="1044" width="2" height="11" font="1">*</text>
<text top="1140" left="591" width="9" height="11" font="1">•1</text>
<text top="1141" left="616" width="13" height="11" font="1">—</text>
<text top="1140" left="648" width="19" height="11" font="1">-----</text>
<text top="1140" left="684" width="17" height="11" font="1">:—</text>
<text top="1142" left="736" width="171" height="11" font="1">7 F 9 D5ne ffietuf u. ©erufSanga&amp;e</text>
<text top="1142" left="936" width="5" height="11" font="1">2</text>
<text top="1142" left="954" width="23" height="11" font="1">• 36</text>
<text top="1143" left="1070" width="11" height="11" font="1">16</text>
</page>
</pdf2xml>
