<?xml version="1.0" encoding="UTF-8"?>
<!DOCTYPE pdf2xml SYSTEM "pdf2xml.dtd">

<pdf2xml producer="poppler" version="0.59.0">
<page number="1" position="absolute" top="0" left="0" height="1262" width="1099">
	<fontspec id="0" size="12" family="Times" color="#000000"/>
	<fontspec id="1" size="10" family="Times" color="#000000"/>
	<fontspec id="2" size="10" family="Times" color="#000000"/>
	<fontspec id="3" size="14" family="Times" color="#000000"/>
	<fontspec id="4" size="9" family="Times" color="#000000"/>
	<fontspec id="5" size="11" family="Times" color="#000000"/>
	<fontspec id="6" size="11" family="Times" color="#000000"/>
	<fontspec id="7" size="13" family="Times" color="#000000"/>
	<fontspec id="8" size="6" family="Times" color="#000000"/>
	<fontspec id="9" size="4" family="Times" color="#000000"/>
	<fontspec id="10" size="7" family="Times" color="#000000"/>
	<fontspec id="11" size="13" family="Times" color="#000000"/>
	<fontspec id="12" size="10" family="Times" color="#000000"/>
	<fontspec id="13" size="4" family="Times" color="#000000"/>
	<fontspec id="14" size="15" family="Times" color="#000000"/>
	<fontspec id="15" size="4" family="Times" color="#000000"/>
<image top="-39" left="-19" width="1137" height="1365" src="200_outNormal.pdf-1_1.png"/>
<text top="67" left="117" width="24" height="13" font="0">200</text>
<text top="65" left="523" width="148" height="13" font="0">llrcußrn. — Hcg.-ßcj. ©rfiirt.</text>
<text top="143" left="796" width="114" height="11" font="1">93eruf§artcn</text>
<text top="108" left="958" width="17" height="11" font="1">©r»</text>
<text top="121" left="949" width="34" height="11" font="1">toerbs»</text>
<text top="134" left="950" width="33" height="11" font="1">tf)ätige</text>
<text top="147" left="961" width="12" height="11" font="1">im</text>
<text top="159" left="950" width="36" height="11" font="1">■Öaupt»</text>
<text top="172" left="954" width="26" height="11" font="1">beruf</text>
<text top="103" left="995" width="28" height="11" font="1">Deren </text>
<text top="113" left="996" width="37" height="11" font="1">Singe- ] </text>
<text top="122" left="995" width="38" height="11" font="1">porige || </text>
<text top="132" left="998" width="22" height="11" font="1">(of)ttc</text>
<text top="141" left="994" width="32" height="11" font="1">4&gt;nupt- </text>
<text top="151" left="996" width="36" height="11" font="1">beruf) | </text>
<text top="160" left="1000" width="18" height="11" font="1">unb </text>
<text top="170" left="995" width="31" height="11" font="1">Dieitft- </text>
<text top="179" left="998" width="31" height="11" font="1">boten 1</text>
<text top="108" left="1042" width="17" height="11" font="1">©r»</text>
<text top="121" left="1033" width="34" height="11" font="1">toerbs»</text>
<text top="133" left="1034" width="34" height="11" font="1">tlfätigc</text>
<text top="146" left="1044" width="12" height="11" font="1">im</text>
<text top="159" left="1034" width="35" height="11" font="1">Beben»</text>
<text top="172" left="1038" width="26" height="11" font="1">beruf</text>
<text top="211" left="767" width="173" height="11" font="1">B 141 gimmerer.........................</text>
<text top="210" left="968" width="18" height="11" font="1">146</text>
<text top="210" left="1009" width="20" height="11" font="1">3361</text>
<text top="210" left="1057" width="13" height="11" font="1">30</text>
<text top="224" left="767" width="172" height="11" font="1">B 142 ©lafer...............................</text>
<text top="221" left="980" width="5" height="11" font="1">2</text>
<text top="223" left="1022" width="7" height="11" font="1">6]</text>
<text top="222" left="1063" width="6" height="11" font="1">4</text>
<text top="237" left="768" width="172" height="11" font="1">B 143 ©tubenmaler, Xüitcber . .</text>
<text top="236" left="973" width="12" height="11" font="1">45</text>
<text top="236" left="1016" width="11" height="11" font="1">87</text>
<text top="235" left="1064" width="5" height="11" font="1">6</text>
<text top="250" left="767" width="170" height="11" font="1">B 145 Xacbbeder........................</text>
<text top="249" left="973" width="12" height="11" font="1">43</text>
<text top="249" left="1010" width="18" height="11" font="1">118</text>
<text top="248" left="1064" width="5" height="11" font="1">8</text>
<text top="262" left="768" width="172" height="11" font="1">B 146 ©teinfeber.........................</text>
<text top="262" left="980" width="5" height="11" font="1">9</text>
<text top="262" left="1016" width="13" height="11" font="1">iä</text>
<text top="262" left="1044" width="13" height="11" font="1">—</text>
<text top="275" left="769" width="169" height="11" font="1">B 147 Brunnenmacbcr...............</text>
<text top="274" left="960" width="13" height="11" font="1">—</text>
<text top="274" left="1022" width="5" height="11" font="1">7</text>
<text top="274" left="1044" width="13" height="11" font="1">—</text>
<text top="287" left="760" width="180" height="11" font="1">: B 148@aS»u.'Baffer»Anftallateure</text>
<text top="287" left="981" width="3" height="11" font="1">1</text>
<text top="285" left="1022" width="6" height="11" font="1">2</text>
<text top="287" left="1044" width="13" height="11" font="1">—</text>
<text top="301" left="760" width="180" height="11" font="1">j B 160 ©onft. tünftlerijcbe Berufe</text>
<text top="300" left="981" width="4" height="11" font="1">1</text>
<text top="300" left="1002" width="27" height="11" font="1">— 1</text>
<text top="300" left="1044" width="13" height="11" font="1">—</text>
<text top="313" left="761" width="180" height="11" font="1">' B 161©en&gt;erbl.'f5erf.obnenäb.Bcs.</text>
<text top="313" left="974" width="12" height="11" font="1">81</text>
<text top="313" left="1016" width="12" height="11" font="1">33</text>
<text top="312" left="1065" width="4" height="11" font="1">1</text>
<text top="331" left="768" width="173" height="11" font="1">C 1 Sßaareit» tt. 'flrobuftenbaitbel</text>
<text top="331" left="968" width="18" height="11" font="1">237</text>
<text top="330" left="1009" width="20" height="11" font="1">427]</text>
<text top="330" left="1052" width="17" height="11" font="1">142</text>
<text top="344" left="768" width="173" height="11" font="1">C 2 ©elb» unb Mrebübanbel . .</text>
<text top="343" left="982" width="3" height="11" font="1">1</text>
<text top="347" left="1003" width="27" height="11" font="1">--- 1</text>
<text top="340" left="1064" width="5" height="11" font="1">2</text>
<text top="357" left="768" width="173" height="11" font="1">C 3 ©pebition, Memmiffioit . .</text>
<text top="354" left="981" width="5" height="11" font="1">2</text>
<text top="356" left="1022" width="7" height="11" font="1">8i</text>
<text top="355" left="1045" width="27" height="11" font="1">— 1</text>
<text top="370" left="768" width="172" height="11" font="1">0 6 .’öaufirbanbcl......................</text>
<text top="369" left="968" width="18" height="11" font="1">314</text>
<text top="369" left="1009" width="19" height="11" font="1">926</text>
<text top="369" left="1058" width="11" height="11" font="1">97</text>
<text top="382" left="761" width="180" height="11" font="1">1 C 7 .'öanbelsoermittelung ....</text>
<text top="382" left="981" width="4" height="11" font="1">1</text>
<text top="381" left="1022" width="7" height="11" font="1">5!</text>
<text top="382" left="1045" width="26" height="11" font="1">■—  |</text>
<text top="396" left="768" width="172" height="11" font="1">C 8 ötilfsgcmcrbe bca »aitbelb .</text>
<text top="395" left="982" width="4" height="11" font="1">1</text>
<text top="394" left="1022" width="8" height="11" font="1">5]</text>
<text top="395" left="1045" width="28" height="11" font="1">— ;</text>
<text top="409" left="768" width="173" height="11" font="1">C 9 Berfteigerung, ©teifenoerm.</text>
<text top="408" left="961" width="13" height="11" font="1">—</text>
<text top="408" left="1003" width="26" height="11" font="1">--- i</text>
<text top="407" left="1059" width="11" height="11" font="1">10</text>
<text top="421" left="768" width="173" height="11" font="1">C 10 B c r fi cf) c r u n g 0 g c io e r b e ....</text>
<text top="421" left="981" width="5" height="11" font="1">3</text>
<text top="420" left="1024" width="3" height="11" font="1">1</text>
<text top="420" left="1064" width="5" height="11" font="1">4</text>
<text top="434" left="769" width="173" height="11" font="1">C 11 Bo ft» u. Xeleqrapbenbetrieb</text>
<text top="434" left="974" width="12" height="11" font="1">27</text>
<text top="433" left="1016" width="12" height="11" font="1">45</text>
<text top="433" left="1059" width="11" height="11" font="1">12</text>
<text top="447" left="769" width="170" height="11" font="1">C 12 ©ifenbabnbctrieb...............</text>
<text top="446" left="974" width="12" height="11" font="1">49</text>
<text top="446" left="1011" width="18" height="11" font="1">176</text>
<text top="447" left="1045" width="27" height="11" font="1">— !</text>
<text top="460" left="769" width="174" height="11" font="1">0 13 Boftl)alterci, Berf.»^ti[)ntu'rF</text>
<text top="459" left="982" width="4" height="11" font="1">1</text>
<text top="458" left="1023" width="6" height="11" font="1">4</text>
<text top="458" left="1064" width="6" height="11" font="1">5</text>
<text top="472" left="769" width="173" height="11" font="1">C 15 Aracfjt» unb lioll=fyul)rnicrf</text>
<text top="472" left="975" width="12" height="11" font="1">13</text>
<text top="471" left="1016" width="12" height="11" font="1">33</text>
<text top="471" left="1059" width="12" height="11" font="1">10</text>
<text top="485" left="769" width="172" height="11" font="1">C 19 .’öafeit» tt. Lootfcitbienft tc.</text>
<text top="485" left="982" width="3" height="11" font="1">1</text>
<text top="481" left="1023" width="5" height="11" font="1">2</text>
<text top="485" left="1045" width="28" height="11" font="1">— |</text>
<text top="498" left="769" width="170" height="11" font="1">C 21 Scicbenbeftattunq...............</text>
<text top="498" left="982" width="3" height="11" font="1">1</text>
<text top="495" left="1023" width="5" height="11" font="1">2</text>
<text top="497" left="1065" width="6" height="11" font="1">3</text>
<text top="511" left="769" width="172" height="11" font="1">C 22 Beherbergung, ©rquichtttg .</text>
<text top="511" left="969" width="18" height="11" font="1">178</text>
<text top="507" left="1011" width="19" height="11" font="1">17Ö!</text>
<text top="510" left="1053" width="17" height="11" font="1">133</text>
<text top="528" left="769" width="171" height="11" font="1">I) 1 öäuslicbe Xienftc tc.............</text>
<text top="528" left="975" width="12" height="11" font="1">32</text>
<text top="532" left="1012" width="19" height="11" font="1">_ <i>ü\</i></text>
<text top="527" left="1065" width="6" height="11" font="1">3</text>
<text top="542" left="769" width="172" height="11" font="1">I) 2 Lohnarbeit toecbfclttber 'Art.</text>
<text top="541" left="969" width="18" height="11" font="1">144</text>
<text top="539" left="1011" width="20" height="11" font="1">2781</text>
<text top="540" left="1066" width="5" height="11" font="1">9</text>
<text top="559" left="769" width="172" height="11" font="1">E 1 'Armee unb Kriegsflotte . . .</text>
<text top="559" left="981" width="6" height="11" font="1">4</text>
<text top="559" left="1018" width="11" height="11" font="1">12</text>
<text top="558" left="1046" width="13" height="11" font="1">—</text>
<text top="572" left="769" width="172" height="11" font="1">E 2 ©taats», ©emeinbebienft . .</text>
<text top="571" left="975" width="12" height="11" font="1">78</text>
<text top="571" left="1011" width="17" height="11" font="1">211</text>
<text top="571" left="1059" width="11" height="11" font="1">41</text>
<text top="585" left="769" width="173" height="11" font="1">E 3 Kirche, rcliq. 'Anftalteit . . .</text>
<text top="584" left="975" width="12" height="11" font="1">35</text>
<text top="584" left="1018" width="11" height="11" font="1">91</text>
<text top="584" left="1066" width="6" height="11" font="1">3</text>
<text top="598" left="769" width="172" height="11" font="1">E 4 ©rjiebuttg unb Unterricht. .</text>
<text top="597" left="976" width="12" height="11" font="1">89</text>
<text top="597" left="1012" width="17" height="11" font="1">184</text>
<text top="599" left="1066" width="6" height="11" font="1">3</text>
<text top="611" left="769" width="171" height="11" font="1">E 5 ©efuitbbcitspflcge...............</text>
<text top="610" left="976" width="12" height="11" font="1">32</text>
<text top="610" left="1018" width="12" height="11" font="1">15</text>
<text top="610" left="1066" width="5" height="11" font="1">9</text>
<text top="623" left="769" width="173" height="11" font="1">E 7 ißrioatfetretäre, Schreiber tc.</text>
<text top="621" left="982" width="5" height="11" font="1">2</text>
<text top="623" left="1004" width="13" height="11" font="1">—</text>
<text top="623" left="1046" width="12" height="11" font="1">—</text>
<text top="637" left="771" width="169" height="11" font="1">E 8 'JJlufif, Xheater tc.................</text>
<text top="636" left="976" width="12" height="11" font="1">20</text>
<text top="636" left="1018" width="12" height="11" font="1">72</text>
<text top="636" left="1060" width="11" height="11" font="1">27</text>
<text top="654" left="769" width="173" height="11" font="1">F 1 Beutner unb Bcitfionärc . .</text>
<text top="654" left="969" width="19" height="11" font="1">499</text>
<text top="654" left="1012" width="18" height="11" font="1">205</text>
<text top="667" left="769" width="173" height="11" font="1">F 2 Bott Unterftübung Sebenbc .</text>
<text top="667" left="976" width="12" height="11" font="1">34</text>
<text top="666" left="1019" width="11" height="11" font="1">15</text>
<text top="680" left="770" width="173" height="11" font="1">F 3 ©djülcr, nicht bei bett Attgch-</text>
<text top="679" left="976" width="12" height="11" font="1">82</text>
<text top="679" left="1004" width="13" height="11" font="1">—</text>
<text top="693" left="770" width="173" height="11" font="1">F 5 3nf. 0. 'Arntcnhäufcrn. . . .</text>
<text top="692" left="982" width="6" height="11" font="1">5</text>
<text top="693" left="1004" width="13" height="11" font="1">—</text>
<text top="712" left="784" width="142" height="11" font="1">Serufsabtheilutigen</text>
<text top="728" left="770" width="170" height="11" font="1">ASattb» u.  0rftroirthfcf)«ft</text>
<text top="728" left="960" width="28" height="11" font="1">6 167</text>
<text top="727" left="1002" width="28" height="11" font="1">8 744</text>
<text top="727" left="1044" width="28" height="11" font="1">5 462</text>
<text top="741" left="771" width="172" height="11" font="1">B Bergbau u. Snbuftric. . .</text>
<text top="740" left="960" width="27" height="11" font="1">6 617</text>
<text top="740" left="1002" width="28" height="11" font="1">9 037</text>
<text top="740" left="1045" width="27" height="11" font="1">1 278</text>
<text top="753" left="770" width="170" height="11" font="1">C föatt'bel tt. Bertehr............</text>
<text top="753" left="970" width="18" height="11" font="1">829</text>
<text top="753" left="1003" width="28" height="11" font="1">1810</text>
<text top="753" left="1054" width="21" height="11" font="1">418]</text>
<text top="767" left="770" width="173" height="11" font="1">I&gt; fiauöl. Xicnfte, Xagclohtt</text>
<text top="766" left="971" width="18" height="11" font="1">176</text>
<text top="766" left="1012" width="19" height="11" font="1">283</text>
<text top="766" left="1061" width="11" height="11" font="1">12</text>
<text top="780" left="770" width="173" height="11" font="1">E SDeff. ®ienft,fr.Bcrufbart.</text>
<text top="779" left="970" width="19" height="11" font="1">260</text>
<text top="779" left="1012" width="19" height="11" font="1">585</text>
<text top="778" left="1060" width="12" height="11" font="1">83</text>
<text top="792" left="770" width="173" height="11" font="1">F Ohne Beruf.........................</text>
<text top="792" left="970" width="19" height="11" font="1">620</text>
<text top="792" left="1012" width="19" height="11" font="1">220</text>
<text top="812" left="770" width="173" height="11" font="1">A-F !#t ©atttett.........................</text>
<text top="811" left="955" width="76" height="11" font="1">14 669 20 679</text>
<text top="810" left="1044" width="28" height="11" font="1">7 253</text>
<text top="844" left="793" width="128" height="11" font="1">7. ^teis dangenfafja</text>
<text top="860" left="770" width="169" height="11" font="1">A 1 Sanbroirthfchnft..................</text>
<text top="859" left="960" width="71" height="11" font="1">7 597 10 132</text>
<text top="859" left="1044" width="28" height="11" font="1">4 423</text>
<text top="872" left="770" width="172" height="11" font="1">A 2 Kunft» u. .'panbelsgärtnerei .</text>
<text top="872" left="976" width="12" height="11" font="1">75</text>
<text top="872" left="1018" width="12" height="11" font="1">93</text>
<text top="872" left="1062" width="14" height="11" font="2"><i>n\</i></text>
<text top="885" left="771" width="172" height="11" font="1">A 3 Xhicrjucht............................</text>
<text top="885" left="983" width="5" height="11" font="1">4</text>
<text top="885" left="1025" width="6" height="11" font="1">4</text>
<text top="884" left="1067" width="8" height="11" font="1">7|</text>
<text top="898" left="771" width="170" height="11" font="1">A 4 gorftroirthfehaft..................</text>
<text top="898" left="976" width="12" height="11" font="1">53</text>
<text top="897" left="1013" width="18" height="11" font="1">106</text>
<text top="897" left="1062" width="14" height="11" font="1">19,</text>
<text top="918" left="771" width="172" height="11" font="1">B 6 ©teintncbeit, ©teitthaucr .</text>
<text top="917" left="977" width="11" height="11" font="1">12</text>
<text top="917" left="1019" width="13" height="11" font="1">20</text>
<text top="916" left="1048" width="12" height="11" font="1">—</text>
<text top="930" left="771" width="170" height="11" font="1">B 7 ©teinbrücbe.....................</text>
<text top="930" left="978" width="12" height="11" font="1">10</text>
<text top="929" left="1019" width="12" height="11" font="1">34</text>
<text top="930" left="1062" width="12" height="11" font="1">IQ</text>
<text top="943" left="771" width="173" height="11" font="1">B 9 Mies, ©attb, Kalf, ©ctncitt</text>
<text top="942" left="963" width="13" height="11" font="1">—</text>
<text top="942" left="1005" width="13" height="11" font="1">—</text>
<text top="942" left="1068" width="4" height="11" font="1">1</text>
<text top="956" left="771" width="172" height="11" font="1">B 11 Lehm» u. Xbottgräberci. .</text>
<text top="956" left="985" width="4" height="11" font="1">1</text>
<text top="955" left="1027" width="3" height="11" font="1">1</text>
<text top="955" left="1048" width="13" height="11" font="1">—</text>
<text top="969" left="771" width="173" height="11" font="1">B 12 Biegelei, Xhonröhren . . .</text>
<text top="969" left="972" width="18" height="11" font="1">133</text>
<text top="968" left="1013" width="18" height="11" font="1">252</text>
<text top="968" left="1067" width="5" height="11" font="1">7</text>
<text top="981" left="771" width="172" height="11" font="1">B 13 Xöpferci............................</text>
<text top="982" left="978" width="11" height="11" font="1">17</text>
<text top="982" left="1019" width="11" height="11" font="1">21</text>
<text top="981" left="1048" width="28" height="11" font="1">— !</text>
<text top="994" left="771" width="173" height="11" font="1">B 15 gapence u. Borjellan . . .</text>
<text top="994" left="964" width="13" height="11" font="1">—</text>
<text top="994" left="1007" width="13" height="11" font="1">—</text>
<text top="993" left="1069" width="7" height="11" font="1">1!</text>
<text top="1007" left="772" width="172" height="11" font="1">B 20 ©olbfehmiebe, Attioelicre .</text>
<text top="1004" left="984" width="6" height="11" font="1">2</text>
<text top="1007" left="1026" width="5" height="11" font="1">7</text>
<text top="1007" left="1048" width="13" height="11" font="1">—</text>
<text top="1020" left="771" width="171" height="11" font="1">B 22 Kupferfchmiebc ...............</text>
<text top="1020" left="984" width="6" height="11" font="1">0</text>
<text top="1020" left="1027" width="5" height="11" font="1">6</text>
<text top="1019" left="1069" width="4" height="11" font="1">1</text>
<text top="1033" left="772" width="172" height="11" font="1">B 23 Botl)» ttttb Welbgiefter . .</text>
<text top="1033" left="984" width="6" height="11" font="1">5</text>
<text top="1030" left="1026" width="5" height="11" font="1">2</text>
<text top="1033" left="1068" width="6" height="11" font="1">3</text>
<text top="1046" left="772" width="170" height="11" font="1">B 24 Binngiefjer........................</text>
<text top="1046" left="986" width="2" height="11" font="1">1</text>
<text top="1046" left="1026" width="6" height="11" font="1">5</text>
<text top="1045" left="1069" width="4" height="11" font="1">1</text>
<text top="1059" left="772" width="173" height="11" font="1">B 26 ©onftige Berarbeit. uneblcr</text>
<text top="1072" left="806" width="138" height="11" font="1">Bletalle, ohne ©ifett . . .</text>
<text top="1071" left="986" width="2" height="11" font="1">1</text>
<text top="1071" left="1027" width="5" height="11" font="1">3</text>
<text top="1071" left="1049" width="13" height="11" font="1">—</text>
<text top="1084" left="772" width="170" height="11" font="1">B 30 ©ifengiejserci ..................</text>
<text top="1084" left="985" width="5" height="11" font="1">3</text>
<text top="1084" left="1027" width="5" height="11" font="1">6</text>
<text top="1084" left="1069" width="4" height="11" font="1">1</text>
<text top="1097" left="772" width="172" height="11" font="1">B 32 Klempner.........................</text>
<text top="1097" left="978" width="11" height="11" font="2"><i>bb</i></text>
<text top="1097" left="1021" width="11" height="11" font="1">68</text>
<text top="1110" left="772" width="170" height="11" font="1">B 33 Blccptoaarctt.....................</text>
<text top="1110" left="1027" width="5" height="11" font="1">4</text>
<text top="1123" left="765" width="181" height="11" font="1">| B 36 Stifte, ©ebrauben, Ketten</text>
<text top="1122" left="965" width="13" height="11" font="1">—</text>
<text top="1122" left="1007" width="13" height="11" font="1">—</text>
<text top="1122" left="1069" width="4" height="11" font="1">1</text>
<text top="1136" left="772" width="173" height="11" font="1">B 37 ©rob» (Öuf») ©cbmiebe .</text>
<text top="1136" left="973" width="17" height="11" font="1">142</text>
<text top="1136" left="1014" width="18" height="11" font="1">235</text>
<text top="1136" left="1063" width="11" height="11" font="1">17</text>
<text top="144" left="158" width="113" height="15" font="3">SBerufSartett</text>
<text top="105" left="348" width="38" height="11" font="1">I Deren </text>
<text top="115" left="348" width="37" height="11" font="1">j Singe- </text>
<text top="123" left="311" width="76" height="11" font="1">roerbö- gütige </text>
<text top="136" left="311" width="70" height="11" font="1">thntiae lofm«</text>
<text top="145" left="348" width="38" height="10" font="4">| pnupt- </text>
<text top="154" left="312" width="26" height="10" font="4">„ 1111 </text>
<text top="154" left="348" width="35" height="10" font="4">| beruf)</text>
<text top="162" left="311" width="70" height="12" font="5"><b>•fjaupt» unb</b> </text>
<text top="175" left="316" width="69" height="11" font="1">beruf | ®ienf‘s</text>
<text top="182" left="348" width="33" height="11" font="1">I boten</text>
<text top="213" left="128" width="174" height="11" font="1">B 125 Küitftlidjc Blumen ....</text>
<text top="226" left="128" width="173" height="11" font="1">B 126 .tmtmaetjer.........................</text>
<text top="239" left="130" width="169" height="11" font="1">B 127 Diübcmnadjer..................</text>
<text top="251" left="128" width="173" height="11" font="1">B 128 Kürfdptcr.........................</text>
<text top="264" left="128" width="171" height="11" font="1">B 129 )panbfcf)u()macf)er............</text>
<text top="277" left="129" width="173" height="11" font="1">B 131 Korfets............................</text>
<text top="290" left="129" width="171" height="11" font="1">B 132 Schuhmacher ..................</text>
<text top="303" left="129" width="173" height="11" font="1">B 133 'Barbiere............................</text>
<text top="316" left="129" width="174" height="11" font="1">B 134 grifeure, 'fkrrüdenmadjcr.</text>
<text top="328" left="129" width="171" height="11" font="1">B 135 Babeanftaitcn..................</text>
<text top="341" left="129" width="174" height="11" font="1">B 136 SEßäjcfierei, ißlättcrci ....</text>
<text top="354" left="129" width="174" height="11" font="1">B 137 Kleiberrcittiger...................</text>
<text top="367" left="129" width="177" height="11" font="1">B 138 Bauuntentebmutig .... </text>
<text top="380" left="129" width="174" height="11" font="1">B 139 gelbmeffer, Ku(turted)niler</text>
<text top="393" left="129" width="173" height="11" font="1">B 140 Warner............................</text>
<text top="406" left="130" width="173" height="11" font="1">B 141 Zimmerer.........................</text>
<text top="418" left="130" width="173" height="11" font="1">B 142 ©lafer...............................</text>
<text top="431" left="130" width="174" height="11" font="1">B 143 Stubenmater, Xiittcbcr . .</text>
<text top="444" left="130" width="171" height="11" font="1">B 144 ©tuefateure.....................</text>
<text top="457" left="130" width="173" height="11" font="1">B 145 Xad)bccfcr.........................</text>
<text top="470" left="130" width="173" height="11" font="1">B 146 ©teitifcfeer.........................</text>
<text top="483" left="130" width="174" height="11" font="1">B 147 Brunncnmacfjer................</text>
<text top="495" left="130" width="174" height="11" font="1">B 148@as»u.Sßaffer»3nftattatcurc</text>
<text top="508" left="130" width="174" height="11" font="1">B 149 Dfcnft'bcr.........................</text>
<text top="521" left="130" width="174" height="11" font="1">B 150 ©ctjornfteinfeger................</text>
<text top="534" left="130" width="171" height="11" font="1">B 152 Budjbnicferci..................</text>
<text top="546" left="130" width="174" height="11" font="1">B 153 Stein» ttitb Qinfbrucfcrci .</text>
<text top="559" left="130" width="173" height="11" font="1">B 156 ^P^otograpf)ic...................</text>
<text top="572" left="130" width="177" height="11" font="1">B 157 Sltalcr u. Bilbbaucr . . . </text>
<text top="585" left="131" width="177" height="11" font="1">B 158 Wraueure, DtobeUeure . . </text>
<text top="598" left="130" width="175" height="11" font="1">B 160 ©onft. fünftlerifdje Berufe</text>
<text top="616" left="131" width="177" height="11" font="1">C 1 SBaarctt» u. ißrobuftenbanbet </text>
<text top="628" left="131" width="163" height="11" font="1">C 2 ©elb» unb Krebitbatibel .</text>
<text top="641" left="131" width="163" height="11" font="1">C 3 Spebitiott, Äommiffiott. .</text>
<text top="654" left="131" width="171" height="11" font="1">C 4 Bucb=,Äunft=,9Jiufifa(ienbbt</text>
<text top="667" left="131" width="162" height="11" font="1">C 5 Beitungsucrlag tc.............</text>
<text top="679" left="131" width="160" height="11" font="1">C 6 £&gt;aufiri)aubct..................</text>
<text top="692" left="131" width="164" height="11" font="1">C 7 ^anbeläoermittetung . . .</text>
<text top="705" left="131" width="174" height="11" font="1">C 9 Berfteigerung, ©tettenoerm </text>
<text top="718" left="132" width="166" height="11" font="1">C 10 Berficbenmgsgeruerbc... </text>
<text top="731" left="132" width="176" height="11" font="1">Cll ^3oft= u. Xelegrapbenbetrieb </text>
<text top="744" left="132" width="153" height="11" font="1">C 12 ©ifeitbabitbetrieb ....</text>
<text top="757" left="132" width="177" height="11" font="1">C 13 Boftbntterei, 1)3 er f.=n f) r it) er f </text>
<text top="769" left="132" width="177" height="11" font="1">C 15 grad)t» unb SlotO/fubnuerf </text>
<text top="782" left="132" width="172" height="11" font="1">C 20 Xienftmänner, Botengäugei</text>
<text top="795" left="132" width="161" height="11" font="1">C 21 Seidbcnbcftattung............</text>
<text top="808" left="132" width="168" height="11" font="1">C 22 Beherbergung, ©rquiduttg </text>
<text top="824" left="132" width="164" height="11" font="1">D 1 fgättslicbe Xienfte tc. ...</text>
<text top="837" left="132" width="169" height="11" font="1">D 2 Lohnarbeit toecbfelttber Art </text>
<text top="853" left="132" width="164" height="11" font="1">E 1 Armee unb Kriegsflotte . .</text>
<text top="865" left="132" width="164" height="11" font="1">E 2 Staaten, ©emeinbebienft .</text>
<text top="878" left="132" width="164" height="11" font="1">E 3 ftirdjc, relig. Anfialten . .</text>
<text top="891" left="132" width="164" height="11" font="1">E 4 ©rjiebung unb Unterricht .</text>
<text top="904" left="132" width="162" height="11" font="1">E 5 ©efunbljeitspflege............</text>
<text top="917" left="132" width="161" height="11" font="1">E 6 Brioatgelcbrte..................</text>
<text top="930" left="132" width="171" height="11" font="1">E 7 Sßrioatfefretäre, Schreiber tc</text>
<text top="942" left="132" width="162" height="11" font="1">E 8 SRufil, Xt)eater tc..............</text>
<text top="960" left="132" width="164" height="11" font="1">F 1 Beutner unb 'fkttfiottäre .</text>
<text top="973" left="133" width="168" height="11" font="1">F 2 Bon Unterftübung Sebcnbe </text>
<text top="985" left="133" width="174" height="11" font="1">F 3 ©ebiiter, nicht bei beit Angeb </text>
<text top="998" left="133" width="167" height="11" font="1">F 5 3nf. ». Armenbäufern . . </text>
<text top="1010" left="128" width="180" height="11" font="1">j F 6 3nf. o. ©teefjett-, Jjrrenanftalt </text>
<text top="1023" left="128" width="159" height="11" font="1">' F 8 Ohne Berufsangabe . . .</text>
<text top="1041" left="153" width="138" height="11" font="1">93erufbabtf)eUungcn </text>
<text top="1056" left="134" width="177" height="11" font="1">ALattb» u. gorftioirtbfcbaft </text>
<text top="1069" left="134" width="154" height="11" font="1">B Bergbau u. Snbuftrie.</text>
<text top="1082" left="134" width="157" height="11" font="1">C fpanbel u. Berfcbr. . . </text>
<text top="1095" left="134" width="177" height="11" font="1">D^äubi. Xieitfte, Xageloljn </text>
<text top="1107" left="134" width="170" height="11" font="1">E Deff.Xicitft,fr.Berufsart</text>
<text top="1120" left="134" width="163" height="11" font="1">FOhne Beruf......................</text>
<text top="1136" left="134" width="163" height="11" font="1">A-F Jnt (hantelt......................</text>
<text top="110" left="390" width="35" height="11" font="1">I ©r= </text>
<text top="123" left="395" width="37" height="11" font="1">toerbs» </text>
<text top="136" left="392" width="41" height="11" font="1">i tbätige </text>
<text top="148" left="407" width="12" height="11" font="1">im</text>
<text top="161" left="396" width="36" height="11" font="1">Beben»</text>
<text top="174" left="400" width="26" height="11" font="1">beruf</text>
<text top="210" left="342" width="5" height="11" font="1">2</text>
<text top="213" left="384" width="3" height="11" font="1">1</text>
<text top="226" left="341" width="6" height="11" font="1">4</text>
<text top="225" left="384" width="5" height="11" font="1">6</text>
<text top="226" left="406" width="13" height="11" font="1">—</text>
<text top="236" left="322" width="13" height="11" font="1">—</text>
<text top="236" left="384" width="5" height="11" font="1">2</text>
<text top="242" left="406" width="13" height="11" font="1">—</text>
<text top="251" left="337" width="10" height="11" font="1">■6</text>
<text top="251" left="378" width="12" height="11" font="1">21</text>
<text top="250" left="406" width="28" height="11" font="1">--- I</text>
<text top="264" left="343" width="4" height="11" font="1">1</text>
<text top="262" left="384" width="5" height="11" font="1">2</text>
<text top="264" left="406" width="13" height="11" font="1">—</text>
<text top="277" left="344" width="3" height="11" font="1">1</text>
<text top="275" left="365" width="13" height="11" font="1">—</text>
<text top="275" left="407" width="13" height="11" font="1">—</text>
<text top="290" left="329" width="19" height="11" font="1">409</text>
<text top="290" left="372" width="18" height="11" font="1">852</text>
<text top="289" left="427" width="5" height="11" font="1">3</text>
<text top="302" left="335" width="13" height="11" font="1">56</text>
<text top="302" left="378" width="12" height="11" font="1">78</text>
<text top="303" left="407" width="28" height="11" font="1">--- 1</text>
<text top="315" left="337" width="11" height="11" font="1">15</text>
<text top="315" left="379" width="11" height="11" font="1">15</text>
<text top="313" left="407" width="28" height="11" font="1">--- !</text>
<text top="328" left="342" width="6" height="11" font="1">5</text>
<text top="328" left="379" width="11" height="11" font="1">13</text>
<text top="325" left="427" width="8" height="11" font="1">2|</text>
<text top="341" left="336" width="12" height="11" font="1">88</text>
<text top="340" left="379" width="13" height="11" font="1">eq</text>
<text top="343" left="427" width="6" height="11" font="1">9</text>
<text top="352" left="323" width="13" height="11" font="1">—</text>
<text top="355" left="386" width="6" height="11" font="1">i]</text>
<text top="367" left="331" width="18" height="11" font="1">122</text>
<text top="367" left="372" width="20" height="11" font="1">3501</text>
<text top="365" left="407" width="27" height="11" font="1">--- I</text>
<text top="380" left="343" width="6" height="11" font="1">8</text>
<text top="379" left="380" width="13" height="11" font="1">13)</text>
<text top="377" left="407" width="28" height="11" font="1">--- 1</text>
<text top="392" left="330" width="18" height="11" font="1">244</text>
<text top="392" left="373" width="20" height="11" font="1">655!</text>
<text top="391" left="407" width="28" height="11" font="1">--- |</text>
<text top="405" left="331" width="18" height="11" font="1">132</text>
<text top="405" left="373" width="20" height="11" font="1">324!</text>
<text top="402" left="428" width="8" height="11" font="1">91</text>
<text top="418" left="337" width="11" height="11" font="1">27</text>
<text top="418" left="379" width="14" height="11" font="1">49;</text>
<text top="417" left="407" width="28" height="11" font="1">— i</text>
<text top="431" left="331" width="18" height="11" font="1">128</text>
<text top="431" left="373" width="20" height="11" font="1">216i</text>
<text top="430" left="428" width="4" height="11" font="1">1</text>
<text top="444" left="324" width="13" height="11" font="1">—</text>
<text top="442" left="366" width="13" height="11" font="1">—</text>
<text top="443" left="429" width="3" height="11" font="1">1</text>
<text top="456" left="337" width="11" height="11" font="1">41</text>
<text top="456" left="379" width="14" height="11" font="1">80,</text>
<text top="453" left="428" width="5" height="11" font="1">2</text>
<text top="469" left="339" width="10" height="11" font="1">11</text>
<text top="469" left="380" width="13" height="11" font="1">14!</text>
<text top="468" left="408" width="27" height="11" font="1">—  i</text>
<text top="481" left="344" width="5" height="11" font="1">7</text>
<text top="482" left="387" width="7" height="11" font="1">1|</text>
<text top="481" left="429" width="4" height="11" font="1">1</text>
<text top="494" left="345" width="3" height="11" font="1">1</text>
<text top="494" left="386" width="7" height="11" font="1">4!</text>
<text top="494" left="408" width="28" height="11" font="1">— j</text>
<text top="508" left="338" width="11" height="11" font="1">12</text>
<text top="508" left="380" width="12" height="11" font="1">10</text>
<text top="507" left="429" width="4" height="11" font="1">1</text>
<text top="520" left="344" width="5" height="11" font="1">7</text>
<text top="520" left="380" width="13" height="11" font="1">i2j</text>
<text top="519" left="408" width="28" height="11" font="1">— |</text>
<text top="533" left="338" width="12" height="11" font="1">63</text>
<text top="532" left="380" width="13" height="11" font="1">79!</text>
<text top="530" left="428" width="5" height="11" font="1">9</text>
<text top="546" left="344" width="5" height="11" font="1">9</text>
<text top="546" left="386" width="5" height="11" font="1">9</text>
<text top="544" left="409" width="13" height="11" font="1">_</text>
<text top="559" left="338" width="12" height="11" font="1">13</text>
<text top="559" left="380" width="13" height="11" font="1">15!</text>
<text top="557" left="409" width="28" height="11" font="1">— i</text>
<text top="570" left="324" width="13" height="11" font="1">—</text>
<text top="572" left="380" width="12" height="11" font="1">28</text>
<text top="570" left="408" width="13" height="11" font="1">—</text>
<text top="585" left="338" width="11" height="11" font="1">15</text>
<text top="585" left="386" width="7" height="11" font="1">8i</text>
<text top="582" left="428" width="5" height="11" font="1">9</text>
<text top="592" left="428" width="8" height="11" font="1">“I</text>
<text top="595" left="344" width="5" height="11" font="1">2</text>
<text top="600" left="387" width="4" height="14" font="7">1</text>
<text top="598" left="409" width="13" height="11" font="1">—</text>
<text top="615" left="323" width="26" height="11" font="1">1011</text>
<text top="614" left="364" width="29" height="11" font="1">1 301!</text>
<text top="615" left="416" width="18" height="11" font="1">129</text>
<text top="628" left="338" width="12" height="11" font="1">24</text>
<text top="628" left="380" width="12" height="11" font="1">60</text>
<text top="627" left="409" width="28" height="11" font="1">--- j</text>
<text top="641" left="338" width="12" height="11" font="1">24</text>
<text top="641" left="380" width="13" height="11" font="1">54!</text>
<text top="640" left="409" width="13" height="11" font="1">—</text>
<text top="654" left="339" width="11" height="11" font="1">13</text>
<text top="656" left="381" width="12" height="14" font="7">18</text>
<text top="653" left="409" width="13" height="11" font="1">—</text>
<text top="664" left="325" width="13" height="11" font="1">—</text>
<text top="664" left="367" width="13" height="11" font="1">—</text>
<text top="666" left="430" width="3" height="11" font="1">1</text>
<text top="679" left="338" width="12" height="11" font="1">25</text>
<text top="679" left="380" width="12" height="11" font="1">53</text>
<text top="679" left="430" width="3" height="11" font="1">1</text>
<text top="692" left="338" width="13" height="11" font="1">54</text>
<text top="692" left="374" width="18" height="11" font="1">113</text>
<text top="692" left="428" width="6" height="11" font="1">5</text>
<text top="705" left="344" width="5" height="11" font="1">7</text>
<text top="705" left="387" width="8" height="11" font="1">81</text>
<text top="705" left="429" width="6" height="11" font="1">4</text>
<text top="718" left="339" width="11" height="11" font="1">12</text>
<text top="718" left="380" width="11" height="11" font="1">31</text>
<text top="718" left="423" width="12" height="11" font="1">28</text>
<text top="731" left="338" width="12" height="11" font="1">74</text>
<text top="730" left="375" width="16" height="11" font="1">191</text>
<text top="730" left="430" width="4" height="11" font="1">1</text>
<text top="743" left="338" width="12" height="11" font="1">47</text>
<text top="743" left="375" width="18" height="11" font="1">149</text>
<text top="742" left="409" width="13" height="11" font="1">—</text>
<text top="756" left="338" width="12" height="11" font="1">54</text>
<text top="756" left="375" width="17" height="11" font="1">147</text>
<text top="756" left="429" width="5" height="11" font="1">4</text>
<text top="769" left="338" width="12" height="11" font="1">52</text>
<text top="769" left="375" width="18" height="11" font="1">130</text>
<text top="769" left="429" width="5" height="11" font="1">6</text>
<text top="782" left="340" width="10" height="11" font="1">11</text>
<text top="782" left="382" width="11" height="11" font="1">18</text>
<text top="782" left="431" width="3" height="11" font="1">1</text>
<text top="795" left="345" width="6" height="11" font="1">3</text>
<text top="795" left="388" width="5" height="11" font="1">8</text>
<text top="792" left="430" width="5" height="11" font="1">2</text>
<text top="808" left="333" width="18" height="11" font="1">211</text>
<text top="808" left="375" width="19" height="11" font="1">245</text>
<text top="808" left="423" width="11" height="11" font="1">37</text>
<text top="823" left="333" width="19" height="11" font="1">274</text>
<text top="823" left="375" width="18" height="11" font="1">237</text>
<text top="823" left="424" width="12" height="11" font="1">10</text>
<text top="836" left="333" width="19" height="11" font="1">353</text>
<text top="837" left="375" width="60" height="11" font="1">680 1</text>
<text top="852" left="339" width="13" height="11" font="1">33</text>
<text top="852" left="383" width="11" height="11" font="1">14</text>
<text top="850" left="410" width="13" height="11" font="1">—</text>
<text top="865" left="333" width="19" height="11" font="1">276</text>
<text top="865" left="375" width="19" height="11" font="1">670</text>
<text top="865" left="430" width="6" height="11" font="1">5</text>
<text top="878" left="340" width="12" height="11" font="1">15</text>
<text top="878" left="381" width="12" height="11" font="1">41</text>
<text top="878" left="430" width="6" height="11" font="1">4</text>
<text top="891" left="334" width="18" height="11" font="1">144</text>
<text top="891" left="375" width="20" height="11" font="1">320</text>
<text top="891" left="425" width="10" height="11" font="1">11</text>
<text top="903" left="339" width="11" height="11" font="1">41</text>
<text top="903" left="382" width="12" height="11" font="1">76</text>
<text top="904" left="425" width="11" height="11" font="1">12</text>
<text top="917" left="346" width="6" height="11" font="1">3</text>
<text top="916" left="388" width="5" height="11" font="1">6</text>
<text top="915" left="410" width="13" height="11" font="1">—</text>
<text top="929" left="346" width="6" height="11" font="1">3</text>
<text top="929" left="388" width="6" height="11" font="1">5</text>
<text top="928" left="410" width="13" height="11" font="1">—</text>
<text top="942" left="340" width="12" height="11" font="1">34</text>
<text top="942" left="382" width="12" height="11" font="1">64</text>
<text top="942" left="431" width="6" height="11" font="1">3</text>
<text top="960" left="333" width="19" height="11" font="1">778</text>
<text top="960" left="375" width="19" height="11" font="1">776</text>
<text top="973" left="340" width="12" height="11" font="1">71</text>
<text top="973" left="382" width="12" height="11" font="1">32</text>
<text top="985" left="334" width="18" height="11" font="1">140</text>
<text top="983" left="369" width="13" height="11" font="1">__</text>
<text top="998" left="340" width="12" height="11" font="1">70</text>
<text top="996" left="369" width="13" height="11" font="1">—</text>
<text top="1011" left="347" width="5" height="11" font="1">4</text>
<text top="1024" left="346" width="6" height="11" font="2"><i>5</i></text>
<text top="1024" left="367" width="27" height="11" font="1">• 2</text>
<text top="1056" left="334" width="18" height="11" font="1">395</text>
<text top="1055" left="376" width="18" height="11" font="1">539</text>
<text top="1056" left="409" width="27" height="11" font="1">1 067</text>
<text top="1069" left="324" width="70" height="11" font="1">7 769 11 552</text>
<text top="1069" left="419" width="18" height="11" font="1">286</text>
<text top="1082" left="325" width="27" height="11" font="1">1 622</text>
<text top="1081" left="366" width="29" height="11" font="1">2 526</text>
<text top="1082" left="418" width="18" height="11" font="1">219</text>
<text top="1094" left="334" width="18" height="11" font="1">627</text>
<text top="1094" left="376" width="18" height="11" font="1">917</text>
<text top="1095" left="426" width="10" height="11" font="1">11</text>
<text top="1107" left="334" width="18" height="11" font="1">549</text>
<text top="1107" left="367" width="28" height="11" font="1">1 196</text>
<text top="1107" left="425" width="12" height="11" font="1">35</text>
<text top="1120" left="325" width="27" height="11" font="1">1068</text>
<text top="1120" left="376" width="19" height="11" font="1">810</text>
<text top="1136" left="319" width="31" height="11" font="1">12 031</text>
<text top="1136" left="361" width="35" height="11" font="1">17 540</text>
<text top="1136" left="409" width="28" height="11" font="1">1 618</text>
<text top="142" left="477" width="113" height="15" font="3">SBerufäarten</text>
<text top="212" left="447" width="174" height="12" font="5"><b>(i. ^attbrtt.inöbrOaufett i.fb-</b></text>
<text top="232" left="447" width="171" height="11" font="1">A 1 Sanbroirtbfdbaft..................</text>
<text top="244" left="447" width="173" height="11" font="1">A 2 Kunft» u. öanbclsgärtncrei .</text>
<text top="258" left="447" width="173" height="11" font="1">A 3 Xbierjuebt............................</text>
<text top="270" left="448" width="170" height="11" font="1">A 4 7? o rft tü irt b f c£j a ft..................</text>
<text top="283" left="448" width="172" height="11" font="1">A 6 Binneufifcbcrei......................</text>
<text top="301" left="448" width="11" height="11" font="1">B </text>
<text top="314" left="448" width="11" height="11" font="1">B </text>
<text top="327" left="448" width="11" height="11" font="1">B </text>
<text top="340" left="448" width="11" height="11" font="1">B </text>
<text top="353" left="449" width="11" height="11" font="1">B </text>
<text top="366" left="449" width="11" height="11" font="1">B </text>
<text top="379" left="449" width="11" height="11" font="1">B </text>
<text top="391" left="449" width="11" height="11" font="1">B </text>
<text top="404" left="449" width="11" height="11" font="1">B </text>
<text top="417" left="449" width="8" height="11" font="1">B</text>
<text top="302" left="473" width="147" height="11" font="1">4 ©tein» tt. Bramtfobten tc.</text>
<text top="314" left="473" width="147" height="11" font="1">6 Steinmebcn, ©teinbauer .</text>
<text top="328" left="474" width="147" height="11" font="1">7 ©teinbriiebe......................</text>
<text top="340" left="473" width="148" height="11" font="1">9 Stics, ©aitb, Kalt, ©erneut</text>
<text top="353" left="468" width="153" height="11" font="1">12 Ziegelei, Xl)onr8brett . . .</text>
<text top="366" left="468" width="152" height="11" font="1">13 Xöpferei............................</text>
<text top="378" left="468" width="154" height="11" font="1">15 fyapence u. B°r;,ellau . .</text>
<text top="392" left="468" width="154" height="11" font="1">17 ©lasoerebeluttg................</text>
<text top="404" left="467" width="151" height="11" font="1">24 3inngiefeer .....................</text>
<text top="417" left="468" width="155" height="11" font="1">26 ©onftige Berarbcit. unebter</text>
<text top="430" left="484" width="141" height="11" font="1">'Metalle, ohne ©ifett . . . </text>
<text top="443" left="449" width="173" height="11" font="1">B 28 ©ürtler, Brotijcure ....</text>
<text top="456" left="449" width="170" height="11" font="1">B 30 ©ifengiejserci..................</text>
<text top="469" left="449" width="173" height="11" font="1">B 32 Klempner.........................</text>
<text top="481" left="449" width="176" height="11" font="1">B 37 ©rob» (tpuf») ©cbmiebe . </text>
<text top="494" left="450" width="172" height="11" font="1">B 38 ©cbloffcrei, ©elbfcbrait! g.</text>
<text top="507" left="450" width="172" height="11" font="1">B 40 ©djeerettfcbleifcr................</text>
<text top="520" left="449" width="170" height="11" font="1">B 41 geilenbauer.....................</text>
<text top="533" left="450" width="176" height="11" font="1">B 43 Babel», Srabtroaareu &lt;y. . </text>
<text top="545" left="450" width="173" height="11" font="1">B 45 Üßafcbinen, Serfäeuge . .</text>
<text top="559" left="450" width="170" height="11" font="1">B 46 Biüblenbauer..................</text>
<text top="571" left="450" width="173" height="11" font="1">B 47 ©teltmacber, Söagner . . .</text>
<text top="584" left="450" width="172" height="11" font="1">B 52 Uhrmacher.........................</text>
<text top="597" left="450" width="176" height="11" font="1">B 53 Biauoforte» tt. Orgelbau . </text>
<text top="610" left="449" width="174" height="11" font="1">B 54 ©onft. i)!ufif«A«ftrumcntc</text>
<text top="622" left="449" width="173" height="11" font="1">B 56 Lampen............................</text>
<text top="636" left="450" width="171" height="11" font="1">B 57 ©lettrotecbuit..................</text>
<text top="648" left="450" width="170" height="11" font="1">B 59 Apotf)cfer........................</text>
<text top="661" left="450" width="173" height="11" font="1">B 67 Delmüblctt.........................</text>
<text top="674" left="450" width="176" height="11" font="1">B 68 Dele, gette, gintiffe . . . </text>
<text top="687" left="450" width="176" height="11" font="1">B 69 3ubereit. o. ©pinnftoffcti </text>
<text top="700" left="450" width="173" height="11" font="1">B 70 Spinnerei, Spulerei . . .</text>
<text top="712" left="450" width="173" height="11" font="1">B 71 Xtidpnacbcr......................</text>
<text top="725" left="450" width="172" height="11" font="1">B 72 Sieberei............................</text>
<text top="738" left="450" width="173" height="11" font="1">B 74 ©trieferei u. SJirferei. . .</text>
<text top="751" left="450" width="170" height="11" font="1">B 75 öäfelei, ©tieferei............</text>
<text top="764" left="450" width="172" height="11" font="1">B 76 gärberci............................</text>
<text top="777" left="451" width="176" height="11" font="1">B 77 Bleicherei, 'Appretur . . . </text>
<text top="789" left="451" width="173" height="11" font="1">B 83 Sud)binberei, Marten g. .</text>
<text top="802" left="451" width="172" height="11" font="1">B 85 ©erberei............................</text>
<text top="815" left="451" width="170" height="11" font="1">B 90 Bietncr, ©attlcr...............</text>
<text top="828" left="451" width="171" height="11" font="1">B 92 Xapejicrer.........................</text>
<text top="841" left="451" width="173" height="11" font="1">B 93 löolssuricbtung................</text>
<text top="853" left="451" width="173" height="11" font="1">B 94 ©robe .tiolcieaarcn ....</text>
<text top="867" left="451" width="172" height="11" font="1">B 95 Xifcbler............................</text>
<text top="879" left="451" width="173" height="11" font="1">B 96 ajöttcfjer............................</text>
<text top="892" left="451" width="173" height="11" font="1">B 97 Korbmacher......................</text>
<text top="906" left="451" width="173" height="11" font="1">B 98 ©onft. gled)t.o. §0(3, ©tu&gt;b</text>
<text top="918" left="452" width="172" height="11" font="1">B 99 Xrcdjsler.........................</text>
<text top="931" left="451" width="159" height="11" font="1">B 105 Spiegel», BÜbcrrabmctt</text>
<text top="943" left="451" width="173" height="11" font="1">B 106 ©etreibcmübleit................</text>
<text top="956" left="452" width="173" height="11" font="1">B 107 Bäcferei............................</text>
<text top="969" left="452" width="172" height="11" font="1">B 109 fRiibeniiicfcr......................</text>
<text top="982" left="451" width="177" height="11" font="1">B 110 Anb. ueget.Üabruugsmittel </text>
<text top="995" left="452" width="154" height="11" font="1">Bill gleicher (Schlächter) .</text>
<text top="1007" left="452" width="151" height="11" font="1">B 114 Märerei.....................</text>
<text top="1020" left="452" width="154" height="11" font="1">B 115 'Brauerei......................</text>
<text top="1033" left="452" width="153" height="11" font="1">B 119 Xabact.........................</text>
<text top="1046" left="452" width="151" height="11" font="1">B 120 'Jiäberintteit...............</text>
<text top="1059" left="452" width="154" height="11" font="1">B 121 ©cf)itcibcr, »innen . . .</text>
<text top="1072" left="452" width="151" height="11" font="1">B 123 'fSubtnacberei...............</text>
<text top="1085" left="452" width="151" height="11" font="1">B 132 Schuhmacher............</text>
<text top="1097" left="452" width="153" height="11" font="1">B 133 Barbiere......................</text>
<text top="1110" left="452" width="153" height="11" font="1">B 136 SBäfcberei, 'fllätterei . .</text>
<text top="1123" left="452" width="154" height="11" font="1">B 138 Bamtuternebmung . .</text>
<text top="1136" left="452" width="154" height="11" font="1">B 140 aitaurcr......................</text>
<text top="110" left="640" width="18" height="11" font="1">©r»</text>
<text top="122" left="631" width="34" height="11" font="1">locrbs»</text>
<text top="135" left="631" width="34" height="11" font="1">tbätige</text>
<text top="148" left="642" width="13" height="11" font="1">im</text>
<text top="161" left="632" width="35" height="11" font="1">!öaupt»</text>
<text top="174" left="636" width="26" height="11" font="1">beruf</text>
<text top="104" left="677" width="33" height="11" font="1">Xcrcit ;</text>
<text top="123" left="677" width="26" height="11" font="1">hörige</text>
<text top="133" left="679" width="23" height="11" font="1">(ohne</text>
<text top="142" left="675" width="29" height="11" font="1">£aupt=</text>
<text top="152" left="677" width="25" height="11" font="1">beruf)</text>
<text top="162" left="683" width="15" height="11" font="1">unb</text>
<text top="172" left="676" width="29" height="11" font="1">Sienft*</text>
<text top="181" left="679" width="22" height="11" font="1">boten</text>
<text top="110" left="724" width="18" height="11" font="1">©r»</text>
<text top="122" left="715" width="34" height="11" font="1">nierbs»</text>
<text top="135" left="716" width="34" height="11" font="1">tbätige</text>
<text top="148" left="727" width="13" height="11" font="1">int</text>
<text top="161" left="716" width="36" height="11" font="1">Sieben»</text>
<text top="173" left="721" width="26" height="11" font="1">beruf</text>
<text top="231" left="640" width="28" height="11" font="1">6 079</text>
<text top="231" left="682" width="28" height="11" font="1">8 532</text>
<text top="231" left="724" width="28" height="11" font="1">5 408</text>
<text top="244" left="662" width="5" height="11" font="1">8</text>
<text top="244" left="704" width="5" height="11" font="1">9</text>
<text top="243" left="746" width="6" height="11" font="1">0</text>
<text top="256" left="662" width="6" height="7" font="8"><b>9</b></text>
<text top="256" left="704" width="5" height="11" font="1">4</text>
<text top="256" left="746" width="5" height="11" font="1">5</text>
<text top="269" left="656" width="12" height="11" font="1">78</text>
<text top="269" left="692" width="18" height="11" font="1">199</text>
<text top="269" left="740" width="12" height="11" font="1">42</text>
<text top="283" left="684" width="13" height="11" font="1">—</text>
<text top="301" left="704" width="5" height="11" font="1">3</text>
<text top="303" left="727" width="13" height="5" font="9">—</text>
<text top="314" left="657" width="10" height="11" font="1">11</text>
<text top="314" left="704" width="5" height="11" font="1">7</text>
<text top="314" left="747" width="4" height="11" font="1">1</text>
<text top="327" left="657" width="12" height="11" font="1">19</text>
<text top="327" left="698" width="13" height="11" font="1">40</text>
<text top="324" left="746" width="6" height="11" font="1">2</text>
<text top="340" left="662" width="6" height="11" font="1">5</text>
<text top="340" left="699" width="53" height="11" font="1">10 2</text>
<text top="353" left="656" width="12" height="11" font="1">66</text>
<text top="353" left="692" width="19" height="11" font="1">383</text>
<text top="353" left="741" width="11" height="11" font="1">12</text>
<text top="366" left="663" width="5" height="11" font="1">8</text>
<text top="368" left="699" width="11" height="14" font="7">18</text>
<text top="365" left="748" width="4" height="11" font="1">1</text>
<text top="430" left="663" width="6" height="11" font="1">2</text>
<text top="437" left="664" width="7" height="11" font="1">l!</text>
<text top="456" left="664" width="4" height="11" font="1">1</text>
<text top="468" left="663" width="9" height="11" font="1">5 </text>
<text top="481" left="657" width="15" height="11" font="1">82 </text>
<text top="494" left="658" width="12" height="11" font="1">13</text>
<text top="507" left="665" width="4" height="11" font="1">1</text>
<text top="520" left="664" width="9" height="11" font="1">3 </text>
<text top="532" left="665" width="4" height="11" font="1">1</text>
<text top="545" left="664" width="9" height="11" font="1">6 </text>
<text top="556" left="664" width="8" height="12" font="6">2</text>
<text top="559" left="671" width="1" height="8" font="10">|</text>
<text top="571" left="657" width="14" height="11" font="1">56]</text>
<text top="582" left="664" width="5" height="11" font="1">2</text>
<text top="596" left="665" width="4" height="11" font="1">1</text>
<text top="622" left="665" width="4" height="11" font="1">1</text>
<text top="635" left="665" width="4" height="11" font="1">1</text>
<text top="648" left="665" width="6" height="11" font="1">4</text>
<text top="674" left="658" width="12" height="11" font="1">il</text>
<text top="685" left="658" width="14" height="11" font="1">86</text>
<text top="687" left="672" width="1" height="8" font="10">|</text>
<text top="700" left="652" width="19" height="11" font="1">482</text>
<text top="712" left="665" width="6" height="11" font="1">4</text>
<text top="725" left="642" width="31" height="11" font="1">3 179 </text>
<text top="736" left="653" width="23" height="11" font="1">113! </text>
<text top="751" left="658" width="16" height="11" font="1">20 </text>
<text top="762" left="658" width="15" height="11" font="1">271</text>
<text top="777" left="659" width="14" height="11" font="1">15;</text>
<text top="789" left="665" width="4" height="11" font="1">4</text>
<text top="802" left="665" width="8" height="11" font="1">4!</text>
<text top="809" left="659" width="14" height="14" font="11"><i>i</i></text>
<text top="430" left="699" width="11" height="11" font="1">11</text>
<text top="455" left="699" width="13" height="11" font="1">10</text>
<text top="467" left="706" width="5" height="11" font="1">9</text>
<text top="481" left="694" width="19" height="11" font="1">151'</text>
<text top="493" left="699" width="13" height="12" font="5"><b>22</b></text>
<text top="494" left="712" width="3" height="11" font="12"><b>||</b></text>
<text top="506" left="706" width="9" height="11" font="1">211</text>
<text top="545" left="701" width="11" height="11" font="1">12</text>
<text top="558" left="706" width="6" height="11" font="1">3</text>
<text top="571" left="694" width="18" height="11" font="1">103</text>
<text top="584" left="706" width="5" height="11" font="1">9</text>
<text top="597" left="706" width="6" height="11" font="1">3</text>
<text top="610" left="707" width="4" height="11" font="1">1</text>
<text top="674" left="700" width="17" height="11" font="1">24] </text>
<text top="687" left="694" width="19" height="11" font="1">220</text>
<text top="691" left="713" width="2" height="5" font="13"><b>]</b> </text>
<text top="700" left="694" width="22" height="11" font="1">275 </text>
<text top="713" left="702" width="14" height="11" font="1">10 </text>
<text top="725" left="684" width="28" height="11" font="1">3 839</text>
<text top="969" left="659" width="15" height="11" font="1">OC !</text>
<text top="982" left="666" width="6" height="11" font="1">3</text>
<text top="994" left="660" width="14" height="11" font="1">20</text>
<text top="991" left="674" width="0" height="16" font="14"><b>;</b></text>
<text top="1008" left="666" width="8" height="11" font="1">4j</text>
<text top="1021" left="661" width="11" height="11" font="1">n</text>
<text top="1033" left="653" width="24" height="11" font="1">496] </text>
<text top="1044" left="655" width="23" height="11" font="1">1771 </text>
<text top="1059" left="654" width="21" height="11" font="1">148 </text>
<text top="1069" left="667" width="6" height="11" font="1">2</text>
<text top="1084" left="655" width="20" height="11" font="1">196]</text>
<text top="1098" left="667" width="8" height="5" font="15"><i>V\</i></text>
<text top="1110" left="667" width="6" height="11" font="1">8</text>
<text top="1123" left="655" width="18" height="11" font="1">140</text>
<text top="1136" left="654" width="21" height="11" font="1">348]</text>
<text top="969" left="695" width="18" height="11" font="1">279</text>
<text top="982" left="708" width="6" height="11" font="1">6</text>
<text top="994" left="702" width="12" height="11" font="1">48</text>
<text top="1006" left="702" width="16" height="12" font="6">20,1</text>
<text top="1020" left="702" width="12" height="11" font="1">44</text>
<text top="467" left="748" width="5" height="11" font="1">4</text>
<text top="481" left="741" width="11" height="10" font="4">21</text>
<text top="493" left="749" width="3" height="11" font="1">1</text>
<text top="658" left="749" width="5" height="11" font="1">2</text>
<text top="686" left="742" width="12" height="11" font="1">26</text>
<text top="699" left="742" width="12" height="11" font="1">26</text>
<text top="709" left="749" width="6" height="12" font="5"><b>2</b></text>
<text top="724" left="736" width="19" height="11" font="1">690</text>
<text top="738" left="701" width="12" height="11" font="1">39</text>
<text top="737" left="749" width="6" height="11" font="1">9</text>
<text top="753" left="687" width="13" height="5" font="9">—</text>
<text top="750" left="750" width="4" height="11" font="1">1</text>
<text top="763" left="701" width="13" height="11" font="1">50</text>
<text top="763" left="750" width="3" height="11" font="1">1</text>
<text top="776" left="701" width="12" height="11" font="1">13</text>
<text top="776" left="750" width="4" height="11" font="1">1</text>
<text top="789" left="707" width="6" height="11" font="1">8</text>
<text top="792" left="729" width="13" height="5" font="9">—</text>
<text top="804" left="707" width="6" height="11" font="1">5</text>
<text top="806" left="730" width="13" height="5" font="9">—</text>
<text top="815" left="701" width="12" height="11" font="1">34</text>
<text top="814" left="749" width="6" height="11" font="1">3</text>
<text top="829" left="707" width="9" height="11" font="1">7 </text>
<text top="829" left="729" width="13" height="11" font="1">—</text>
<text top="840" left="665" width="6" height="11" font="1">3</text>
<text top="840" left="707" width="7" height="11" font="1">71</text>
<text top="840" left="749" width="6" height="11" font="1">4</text>
<text top="853" left="665" width="6" height="11" font="1">3</text>
<text top="853" left="707" width="6" height="11" font="1">5</text>
<text top="853" left="750" width="4" height="11" font="1">1</text>
<text top="866" left="653" width="17" height="11" font="1">171</text>
<text top="866" left="694" width="18" height="11" font="1">329</text>
<text top="866" left="744" width="11" height="11" font="1">17</text>
<text top="879" left="659" width="12" height="11" font="1">22</text>
<text top="879" left="701" width="12" height="11" font="1">48</text>
<text top="879" left="749" width="6" height="11" font="1">4</text>
<text top="892" left="660" width="11" height="11" font="1">16</text>
<text top="893" left="701" width="14" height="11" font="1">39,</text>
<text top="892" left="744" width="12" height="11" font="1">10</text>
<text top="906" left="666" width="5" height="11" font="1">7</text>
<text top="905" left="702" width="11" height="11" font="1">16</text>
<text top="908" left="730" width="13" height="5" font="9">—</text>
<text top="917" left="666" width="6" height="11" font="1">8</text>
<text top="918" left="702" width="11" height="11" font="1">13</text>
<text top="917" left="750" width="6" height="11" font="1">3</text>
<text top="930" left="666" width="5" height="11" font="1">4</text>
<text top="930" left="708" width="5" height="11" font="1">4</text>
<text top="934" left="730" width="13" height="5" font="9">—</text>
<text top="943" left="659" width="12" height="11" font="1">97</text>
<text top="943" left="696" width="17" height="11" font="1">145</text>
<text top="943" left="743" width="12" height="11" font="1">48</text>
<text top="956" left="659" width="12" height="11" font="1">78</text>
<text top="956" left="696" width="18" height="11" font="1">136</text>
<text top="956" left="744" width="11" height="11" font="1">37</text>
<text top="969" left="744" width="12" height="11" font="12"><b>88</b></text>
<text top="994" left="744" width="12" height="11" font="1">39</text>
<text top="1033" left="697" width="18" height="11" font="1">196</text>
<text top="1033" left="744" width="12" height="11" font="1">30</text>
<text top="1046" left="702" width="12" height="11" font="1">34</text>
<text top="1045" left="744" width="12" height="11" font="1">23</text>
<text top="1059" left="696" width="19" height="11" font="1">234</text>
<text top="1060" left="751" width="5" height="7" font="8"><b>8</b></text>
<text top="1074" left="689" width="13" height="5" font="9">—</text>
<text top="1074" left="731" width="13" height="5" font="9">-------</text>
<text top="1084" left="696" width="19" height="11" font="1">410</text>
<text top="1084" left="744" width="11" height="11" font="1">21</text>
<text top="1097" left="703" width="11" height="11" font="1">17</text>
<text top="1097" left="745" width="12" height="11" font="1">10</text>
<text top="1114" left="689" width="13" height="5" font="9">—</text>
<text top="1110" left="751" width="5" height="7" font="8"><b>9</b></text>
<text top="1123" left="696" width="18" height="11" font="1">355</text>
<text top="1124" left="751" width="5" height="7" font="8"><b>8</b></text>
<text top="1136" left="696" width="18" height="11" font="1">726</text>
<text top="1135" left="744" width="12" height="11" font="1">47</text>
</page>
</pdf2xml>
