{"chunk_definitions":[{"chunk_id":"ceqxq6vvrpveu","chunk_label":"unnamed-chunk-5","document_id":"F7758825","expansion_state":0,"options":{"engine":"r","label":"unnamed-chunk-3"},"row":92,"row_count":1,"visible":true},{"chunk_id":"ctjo0bnv3uuuv","chunk_label":"unnamed-chunk-6","document_id":"F7758825","expansion_state":0,"options":{"engine":"r","label":"unnamed-chunk-54"},"row":107,"row_count":1,"visible":true},{"chunk_id":"c0r8ayybru4kh","chunk_label":"unnamed-chunk-15","document_id":"F7758825","expansion_state":0,"options":{"engine":"r","label":"unnamed-chunk-40"},"row":267,"row_count":1,"visible":true},{"chunk_id":"cpvv0wy52jqrr","chunk_label":"unnamed-chunk-17","document_id":"F7758825","expansion_state":0,"options":{"engine":"r","label":"unnamed-chunk-50"},"row":290,"row_count":1,"visible":true},{"chunk_id":"cdbwh59li9r61","chunk_label":"unnamed-chunk-21","document_id":"F7758825","expansion_state":0,"options":{"engine":"r","label":"unnamed-chunk-199"},"row":370,"row_count":1,"visible":true},{"chunk_id":"cq6uwoermr2fr","chunk_label":"unnamed-chunk-23","document_id":"F7758825","expansion_state":0,"options":{"engine":"r","label":"unnamed-chunk-129"},"row":402,"row_count":1,"visible":true},{"chunk_id":"criubf207lhcs","chunk_label":"unnamed-chunk-24","document_id":"F7758825","expansion_state":0,"options":{"engine":"r","label":"unnamed-chunk-122"},"row":412,"row_count":1,"visible":true},{"chunk_id":"c0o10ia007bj6","chunk_label":"unnamed-chunk-28","document_id":"F7758825","expansion_state":0,"options":{"engine":"r","label":"unnamed-chunk-137"},"row":466,"row_count":1,"visible":true}],"chunk_rendered_width":629,"doc_write_time":1558967228}