{"chunk_definitions":[{"chunk_id":"crcd0dks8ect2","chunk_label":"unnamed-chunk-2","document_id":"85BD8C60","expansion_state":0,"options":{"engine":"r","label":"unnamed-chunk-4","message":false,"warning":false},"row":30,"row_count":1,"visible":true},{"chunk_id":"c2d1akay60ex8","chunk_label":"unnamed-chunk-11","document_id":"85BD8C60","expansion_state":0,"options":{"engine":"r","label":"unnamed-chunk-199"},"row":153,"row_count":1,"visible":true},{"chunk_id":"c1un160x53niu","chunk_label":"unnamed-chunk-12","document_id":"85BD8C60","expansion_state":0,"options":{"engine":"r","label":"unnamed-chunk-203"},"row":169,"row_count":1,"visible":true},{"chunk_id":"c54vdjdz0mnq6","chunk_label":"unnamed-chunk-13","document_id":"85BD8C60","expansion_state":0,"options":{"engine":"r","label":"unnamed-chunk-84"},"row":200,"row_count":1,"visible":true},{"chunk_id":"cfo4b62qjw9f8","chunk_label":"unnamed-chunk-14","document_id":"85BD8C60","expansion_state":0,"options":{"engine":"r","label":"unnamed-chunk-213"},"row":206,"row_count":1,"visible":true},{"chunk_id":"cgjz3ezrsmy35","chunk_label":"unnamed-chunk-15","document_id":"85BD8C60","expansion_state":0,"options":{"engine":"r","label":"unnamed-chunk-257"},"row":227,"row_count":1,"visible":true},{"chunk_id":"ccgddgfv0cuav","chunk_label":"unnamed-chunk-16","document_id":"85BD8C60","expansion_state":0,"options":{"engine":"r","label":"unnamed-chunk-89"},"row":255,"row_count":1,"visible":true},{"chunk_id":"ci1egptkikrow","chunk_label":"unnamed-chunk-17","document_id":"85BD8C60","expansion_state":0,"options":{"engine":"r","label":"unnamed-chunk-90"},"row":264,"row_count":1,"visible":true},{"chunk_id":"crx3d34dun09w","chunk_label":"unnamed-chunk-20","document_id":"85BD8C60","expansion_state":0,"options":{"engine":"r","label":"unnamed-chunk-95"},"row":370,"row_count":1,"visible":true},{"chunk_id":"cliuxczz7yms8","chunk_label":"unnamed-chunk-22","document_id":"85BD8C60","expansion_state":0,"options":{"engine":"r","label":"unnamed-chunk-96"},"row":396,"row_count":1,"visible":true},{"chunk_id":"c0ljkw43pow68","chunk_label":"unnamed-chunk-38","document_id":"85BD8C60","expansion_state":0,"options":{"engine":"r","eval":false,"label":"unnamed-chunk-97"},"row":665,"row_count":1,"visible":true},{"chunk_id":"csvvm927lqrgr","chunk_label":"unnamed-chunk-40","document_id":"85BD8C60","expansion_state":0,"options":{"engine":"r","label":"unnamed-chunk-98"},"row":682,"row_count":1,"visible":true}],"chunk_rendered_width":700,"doc_write_time":1558440333}