"0","tbl45 <- tibble::tribble("
"0","~`Name:`, ~`Description:`, ~`Relation to Social Capital:`,"
"0","""Effective  Size (Burt,  1992)"", ""The number of alters, weighted by  strength of tie, that an ego is directly  connected to, minus a redundancy factor."", ""Positive. The more different  regions of the network an  actor has ties with, the greater  the potential information and  control  benefits."","
"0","""Constraint  ( Bu r t,1992)"", ""The extent to which all of ego’s relational investments directly or  indirectly involve a single  alter"", ""Negative. The more  constrained the actor, the  fewer opportunities for  action."","
"0","""Compositional  Quality (e.g.,  Lin)"", ""The number of alters with high levels of needed characteristics  (e.g., total wealth or power or  expertise or generosity of  alters)"",""Positive. The more  connected  to useful others, the more social  capital."","
"0","""Heterogeneity  (e.g.,  Burt,  1983)"",""The variety of alters with respect to  relevant dimensions (e.g., sex, age,  race, occupation,  talents)."",""Positive (except when it  conflicts with  compositional  quality)"","
"0","""Brokerage Roles  (Gould  & Fernandez,  1989)"",""There are different roles that ego  can play depending on network  structure and  composition"",""Depends on the  situation"""
"0",")"
"0","kableExtra::kable_styling(knitr::kable(tbl45), font_size = 18)"
