"0","## Import Brexit indicative votes"
"0","brexit.votes <- readRDS(""./data/indicative_votes.rds"")"
"0","brexit.edgelist <- data.frame(brexit.votes %>% select(Member, Party, Vote, description) %>% spread(description, Vote))"
"0","brexit.edgelist <- brexit.edgelist[,-ncol(brexit.edgelist)]"
"0","colnames(brexit.edgelist) <- c(""mp"", ""party"", ""baron"", ""beckett"", ""boles"", ""cherry"", ""clarke"", ""corbyn"", ""eusrace"", ""fysh"")"
"0","votes <- c(""baron"", ""beckett"", ""boles"", ""cherry"", ""clarke"", ""corbyn"", ""eusrace"", ""fysh"")"
