<pdf2xml producer="poppler" version="0.41.0">
<page height="1261" left="0" number="17" position="absolute" top="0" width="1699">
	<fontspec color="#333333" family="Times" id="0" size="15" />
	<fontspec color="#333333" family="Times" id="1" size="13" />
	<fontspec color="#333333" family="Times" id="2" size="11" />
	<fontspec color="#333333" family="Helvetica" id="3" size="10" />
	<fontspec color="#333333" family="Times" id="4" size="12" />
	<fontspec color="#464646" family="Times" id="5" size="11" />
	<fontspec color="#000000" family="Times" id="6" size="11" />
	<fontspec color="#333333" family="Times" id="7" size="9" />
	<fontspec color="#333333" family="Helvetica" id="8" size="9" />
	<fontspec color="#333333" family="Helvetica" id="9" size="8" />
	<fontspec color="#333333" family="Times" id="10" size="10" />
	<fontspec color="#333333" family="Times" id="11" size="10" />
	<fontspec color="#333333" family="Helvetica" id="12" size="10" />
<text font="0" height="16" left="86" top="80" width="135"><b>Grundschulen </b></text>
<text font="1" height="14" left="440" top="75" width="5">-</text>
<text font="1" height="14" left="461" top="75" width="37">42  -</text>
<text font="2" height="13" left="60" top="179" width="81">Schulmmner/ </text>
<text font="2" height="13" left="176" top="180" width="101">Name,  Anschrift </text>
<text font="2" height="15" left="448" top="178" width="107">amt.  Schulleiter </text>
<text font="3" height="11" left="556" top="177" width="10"><i>1 </i></text>
<text font="2" height="13" left="589" top="178" width="34">Tele&#183; </text>
<text font="2" height="13" left="60" top="199" width="101">ICurzbezeichnung </text>
<text font="2" height="14" left="448" top="198" width="126">amt.  Stellvertreter </text>
<text font="2" height="13" left="589" top="197" width="27">fon&#183; </text>
<text font="2" height="13" left="589" top="217" width="41">nt.IIJller </text>
<text font="2" height="13" left="56" top="257" width="41">101576 </text>
<text font="2" height="13" left="173" top="258" width="95">6.  Grundschule </text>
<text font="2" height="13" left="447" top="258" width="79">Herr  Lawrenz </text>
<text font="2" height="13" left="588" top="257" width="42">03332/ </text>
<text font="2" height="13" left="55" top="276" width="14">G </text>
<text font="2" height="16" left="172" top="278" width="142">Dr.-W.-IC&#252;lz-Viertel  2 </text>
<text font="2" height="13" left="447" top="277" width="74">Herr  l&#252;thke </text>
<text font="2" height="13" left="589" top="276" width="35">32209 </text>
<text font="2" height="13" left="173" top="297" width="107">0  - 1330  Schwedt </text>
<text font="2" height="13" left="56" top="335" width="41">101588 </text>
<text font="4" height="13" left="174" top="335" width="15"><i>7. </i></text>
<text font="2" height="13" left="194" top="334" width="75">Grundschule </text>
<text font="2" height="13" left="447" top="334" width="72">Frau  Sorrmer </text>
<text font="2" height="13" left="589" top="334" width="41">03332/ </text>
<text font="2" height="13" left="55" top="353" width="14">G </text>
<text font="2" height="13" left="173" top="354" width="88">Goethering  12 </text>
<text font="2" height="13" left="446" top="354" width="106">Frau  Rosentreter </text>
<text font="2" height="13" left="587" top="353" width="34">32401 </text>
<text font="2" height="13" left="173" top="374" width="107">0  - 1330  Schwedt </text>
<text font="2" height="13" left="56" top="411" width="41">101590 </text>
<text font="2" height="13" left="173" top="412" width="95">8.  Grundschule </text>
<text font="2" height="13" left="446" top="411" width="79">Herr  Schmidt </text>
<text font="2" height="13" left="589" top="410" width="42">03332/ </text>
<text font="2" height="13" left="56" top="430" width="14">G </text>
<text font="2" height="16" left="174" top="432" width="199">Heinrich-von&#183;Kleist-Stra&#223;e  1  a </text>
<text font="2" height="13" left="447" top="430" width="79">Frau  Glaeske </text>
<text font="2" height="13" left="588" top="429" width="36">32508 </text>
<text font="2" height="13" left="174" top="451" width="107">0  - 1330  Schwedt </text>
<text font="2" height="13" left="56" top="488" width="41">103007 </text>
<text font="2" height="13" left="173" top="489" width="126">Grundschule  Warnitz </text>
<text font="2" height="13" left="446" top="488" width="73">Herr  Ruhnau </text>
<text font="2" height="13" left="588" top="487" width="48">039863/ </text>
<text font="2" height="13" left="56" top="508" width="14">G </text>
<text font="2" height="13" left="174" top="508" width="94">Schulstra&#223;e  10 </text>
<text font="2" height="13" left="447" top="508" width="80">Frau  Fengler </text>
<text font="2" height="13" left="588" top="506" width="23">426 </text>
<text font="2" height="13" left="173" top="528" width="108">0  - 2131  Warnitz </text>
<text font="2" height="13" left="57" top="566" width="41">103020 </text>
<text font="2" height="13" left="173" top="566" width="121">Goethe-Grundschule </text>
<text font="2" height="13" left="447" top="565" width="91">Frau  Bent&gt;ennek </text>
<text font="2" height="13" left="588" top="565" width="48">039851/ </text>
<text font="2" height="13" left="56" top="585" width="14">G </text>
<text font="2" height="13" left="173" top="585" width="88">Dorfstra&#223;e  18 </text>
<text font="2" height="13" left="446" top="585" width="85">Herr  Wisatzki </text>
<text font="2" height="13" left="588" top="583" width="22">258 </text>
<text font="2" height="13" left="172" top="604" width="101">0  - 2131  G&#246;ritz </text>
<text font="2" height="13" left="57" top="643" width="41">103032 </text>
<text font="2" height="13" left="173" top="644" width="133">Grundschule  Gollmitz </text>
<text font="2" height="13" left="446" top="642" width="66">Herr  Mante </text>
<text font="2" height="13" left="588" top="641" width="48">039852/ </text>
<text font="2" height="13" left="55" top="662" width="14">G </text>
<text font="2" height="13" left="173" top="662" width="90">Schulstra&#223;e  1 </text>
<text font="2" height="13" left="447" top="661" width="79">Frau  Metzger </text>
<text font="2" height="13" left="588" top="660" width="22">433 </text>
<text font="2" height="13" left="172" top="682" width="114">0- 2131  Gollmitz </text>
<text font="2" height="13" left="55" top="721" width="41">103044 </text>
<text font="2" height="13" left="173" top="722" width="166">Grundschule  F&#252;rstenwerder </text>
<text font="2" height="13" left="446" top="720" width="67">Herr  Giese </text>
<text font="2" height="13" left="588" top="719" width="48">039859/ </text>
<text font="2" height="13" left="55" top="740" width="14">G </text>
<text font="2" height="13" left="172" top="741" width="173">Ernst-Th&#228;lmann-Stra&#223;e  34  e </text>
<text font="2" height="13" left="446" top="740" width="58">Frau  Regt </text>
<text font="5" height="13" left="504" top="737" width="15">in </text>
<text font="2" height="13" left="588" top="738" width="21">244 </text>
<text font="2" height="13" left="173" top="760" width="147">0  - 2131  F&#252;rstenwerder </text>
<text font="2" height="13" left="55" top="798" width="41">103056 </text>
<text font="2" height="13" left="172" top="797" width="75">Grundschule </text>
<text font="2" height="13" left="446" top="797" width="58">Frau  Karl </text>
<text font="2" height="13" left="588" top="796" width="48">039852/ </text>
<text font="2" height="13" left="55" top="816" width="14">G </text>
<text font="2" height="13" left="172" top="816" width="88">Dorfstra&#223;e  50 </text>
<text font="2" height="13" left="446" top="816" width="65">Frau  Weber </text>
<text font="2" height="13" left="587" top="815" width="21">235 </text>
<text font="2" height="13" left="172" top="837" width="115">0  - 2131  Arendsee </text>
<text font="2" height="13" left="55" top="875" width="41">103068 </text>
<text font="2" height="13" left="172" top="876" width="148">Diesterweg-Grundschule </text>
<text font="2" height="13" left="446" top="874" width="85">Frau  Gehrmann </text>
<text font="2" height="13" left="587" top="873" width="42">03984/ </text>
<text font="2" height="13" left="55" top="894" width="14">G </text>
<text font="2" height="13" left="172" top="894" width="89">Am  Steintor  5 </text>
<text font="2" height="13" left="446" top="893" width="72">Frau  Hobohm </text>
<text font="2" height="13" left="587" top="893" width="28">2313 </text>
<text font="2" height="13" left="172" top="914" width="116">0  - 2130  Prenzlau </text>
<text font="2" height="13" left="55" top="952" width="41">103070 </text>
<text font="2" height="13" left="173" top="954" width="199">Geschwister-Scholl-Grundschule </text>
<text font="2" height="13" left="446" top="951" width="72">Frau  lehmus </text>
<text font="2" height="13" left="587" top="951" width="41">039841 </text>
<text font="2" height="13" left="54" top="971" width="14">G </text>
<text font="2" height="15" left="173" top="972" width="164">Ernst-Th&#228;lmann-Stra&#223;e  111 </text>
<text font="2" height="13" left="446" top="970" width="66">Frau  Murlee </text>
<text font="2" height="13" left="588" top="970" width="29">2370 </text>
<text font="2" height="13" left="172" top="992" width="116">0  - 2130  Prenzlau </text>
<text font="2" height="13" left="56" top="1029" width="39">103081 </text>
<text font="2" height="13" left="173" top="1031" width="219">Grundschule  3  - Pestalozzi-Schule </text>
<text font="6" height="13" left="395" top="1023" width="5">-</text>
<text font="2" height="13" left="446" top="1028" width="92">Herr  Wesenberg </text>
<text font="2" height="13" left="588" top="1027" width="41">03984/ </text>
<text font="7" height="10" left="55" top="1049" width="11">G </text>
<text font="2" height="13" left="172" top="1048" width="126">Pestalozzistra&#223;e  44 </text>
<text font="2" height="13" left="445" top="1047" width="73">Frau  Schote </text>
<text font="2" height="13" left="588" top="1046" width="28">2224 </text>
<text font="2" height="13" left="172" top="1068" width="115">0  - 2130  Prenzlau </text>
<text font="2" height="13" left="659" top="178" width="42">Tr&#228;ger </text>
<text font="3" height="11" left="705" top="178" width="7"><i>I </i></text>
<text font="2" height="13" left="743" top="177" width="62">Besondere </text>
<text font="2" height="13" left="660" top="197" width="48">Rechts&#183; </text>
<text font="2" height="13" left="744" top="196" width="55">Hinweise </text>
<text font="2" height="13" left="900" top="215" width="81">Schulmmnerl </text>
<text font="2" height="13" left="1016" top="215" width="101">Name,  Anschrift </text>
<text font="2" height="13" left="659" top="215" width="43">status </text>
<text font="2" height="13" left="900" top="235" width="100">ICurzbezeichnung </text>
<text font="2" height="13" left="661" top="255" width="15">03 </text>
<text font="2" height="13" left="896" top="295" width="41">103093 </text>
<text font="2" height="13" left="1013" top="295" width="89">Grundschule  4 </text>
<text font="2" height="13" left="896" top="314" width="14">G </text>
<text font="2" height="13" left="1013" top="314" width="160">Am  Robert&#183;Schulz-Ring  58 </text>
<text font="2" height="13" left="1013" top="334" width="10">o </text>
<text font="5" height="13" left="1027" top="334" width="5">-</text>
<text font="2" height="13" left="1040" top="334" width="88">2130  Prenzlau </text>
<text font="2" height="13" left="661" top="333" width="15">03 </text>
<text font="2" height="13" left="896" top="372" width="41">103718 </text>
<text font="2" height="13" left="1013" top="372" width="75">Grundschule </text>
<text font="2" height="13" left="895" top="391" width="14">G </text>
<text font="2" height="13" left="1013" top="391" width="115">R&#246;ddeliner  Stra&#223;e </text>
<text font="2" height="13" left="1012" top="410" width="108">o- 2090  Templin </text>
<text font="2" height="13" left="661" top="410" width="15">03 </text>
<text font="2" height="13" left="661" top="429" width="10">1 </text>
<text font="2" height="13" left="896" top="449" width="41">103720 </text>
<text font="2" height="13" left="1013" top="449" width="133">Lindenschule  Templin </text>
<text font="2" height="13" left="895" top="469" width="14">G </text>
<text font="2" height="13" left="1013" top="468" width="118">lychener  Stra&#223;e  65 </text>
<text font="2" height="13" left="1012" top="487" width="108">o- 2090  Templin </text>
<text font="2" height="13" left="660" top="488" width="15">06 </text>
<text font="2" height="13" left="747" top="487" width="49">Filiale </text>
<text font="2" height="13" left="661" top="507" width="10">1 </text>
<text font="2" height="13" left="895" top="526" width="39">103731 </text>
<text font="2" height="13" left="1013" top="526" width="153">Grundschute  Ringenwalde </text>
<text font="2" height="13" left="895" top="546" width="14">G </text>
<text font="2" height="13" left="1012" top="546" width="88">Dorfstra&#223;e  19 </text>
<text font="2" height="13" left="1012" top="565" width="133">0  .  2091  Ringenwalde </text>
<text font="2" height="13" left="660" top="565" width="15">06 </text>
<text font="5" height="13" left="661" top="584" width="10">1 </text>
<text font="2" height="13" left="895" top="603" width="41">103743 </text>
<text font="2" height="13" left="1012" top="603" width="120">Grundschule  Warthe </text>
<text font="8" height="10" left="895" top="624" width="12">G </text>
<text font="2" height="13" left="1012" top="622" width="102">Dorfstra&#223;e  9/10 </text>
<text font="2" height="13" left="1011" top="642" width="101">o  - 2091  Warthe </text>
<text font="2" height="13" left="660" top="642" width="15">06 </text>
<text font="2" height="13" left="895" top="681" width="40">103755 </text>
<text font="2" height="13" left="1012" top="681" width="159">Grundschule  Hammelspring </text>
<text font="2" height="13" left="894" top="700" width="14">G </text>
<text font="2" height="13" left="1012" top="700" width="127">Templiner  Stra&#223;e  37 </text>
<text font="2" height="13" left="1011" top="719" width="140">0  .  2091  Hammelspring </text>
<text font="2" height="13" left="661" top="719" width="15">06 </text>
<text font="2" height="13" left="661" top="738" width="10">1 </text>
<text font="2" height="13" left="895" top="758" width="41">103767 </text>
<text font="2" height="13" left="1012" top="758" width="75">Grundschule </text>
<text font="2" height="13" left="894" top="777" width="14">G </text>
<text font="2" height="13" left="1011" top="777" width="88">Dorfstra&#223;e  16 </text>
<text font="2" height="13" left="1011" top="797" width="134">0  &#8226;  2091  Mittenwalde </text>
<text font="2" height="13" left="661" top="796" width="15">06 </text>
<text font="2" height="13" left="894" top="835" width="41">1o3n9 </text>
<text font="2" height="13" left="1011" top="835" width="75">Grundschule </text>
<text font="2" height="13" left="894" top="854" width="14">G </text>
<text font="2" height="13" left="1011" top="854" width="95">Pannwitz-Allee </text>
<text font="2" height="13" left="1011" top="874" width="101">o  - 2093  Lychen </text>
<text font="2" height="13" left="659" top="873" width="16">06 </text>
<text font="2" height="13" left="746" top="874" width="49">Filiale </text>
<text font="2" height="13" left="895" top="912" width="40">105740 </text>
<text font="2" height="13" left="1011" top="912" width="90">Grundschule  1 </text>
<text font="2" height="13" left="894" top="931" width="14">G </text>
<text font="2" height="13" left="1012" top="931" width="127">Fischerstra&#223;e  15116 </text>
<text font="2" height="13" left="1011" top="951" width="127">0  .  1320  Angerm&#252;nde </text>
<text font="2" height="13" left="660" top="950" width="15">06 </text>
<text font="2" height="13" left="895" top="989" width="40">105855 </text>
<text font="2" height="13" left="1011" top="989" width="133">Grundschule  Hetzdorf </text>
<text font="9" height="10" left="894" top="1009" width="11">G </text>
<text font="2" height="13" left="1010" top="1009" width="83">Dorfstra&#223;e  4 </text>
<text font="2" height="13" left="1010" top="1027" width="114">o  .  2151  Hetzdorf </text>
<text font="2" height="13" left="660" top="1026" width="15">06 </text>
<text font="2" height="13" left="895" top="1065" width="40">105867 </text>
<text font="2" height="13" left="1011" top="1066" width="133">Grundschule  Werbelew </text>
<text font="10" height="11" left="894" top="1085" width="12">G </text>
<text font="2" height="13" left="1010" top="1086" width="88">Dorfstra&#223;e  33 </text>
<text font="2" height="13" left="1010" top="1105" width="114">o  - 2151  Werbelew </text>
<text font="1" height="14" left="1239" top="94" width="5">-</text>
<text font="1" height="14" left="1260" top="94" width="38">43  -</text>
<text font="2" height="13" left="1288" top="216" width="107">amt.  Schulleiter </text>
<text font="3" height="12" left="1397" top="216" width="7"><i>I </i></text>
<text font="2" height="13" left="1287" top="235" width="127">amt.  Stellvertreter </text>
<text font="2" height="13" left="1287" top="295" width="80">Frau  Dederky </text>
<text font="2" height="13" left="1287" top="314" width="66">Frau  Quade </text>
<text font="2" height="13" left="1286" top="372" width="86">Frau  Delander </text>
<text font="2" height="13" left="1287" top="391" width="86">Frau  Benzmann </text>
<text font="2" height="13" left="1286" top="449" width="67">Frau  Liebe </text>
<text font="2" height="13" left="1286" top="468" width="73">Herr  Werner </text>
<text font="2" height="13" left="1286" top="526" width="59">Herr  Wei&#223; </text>
<text font="2" height="13" left="1286" top="546" width="86">Frau  Hohlbein </text>
<text font="2" height="13" left="1285" top="603" width="73">Herr  Hobohm </text>
<text font="2" height="13" left="1286" top="622" width="74">Frau  Collin </text>
<text font="2" height="13" left="1286" top="681" width="85">Frau  Buchmann </text>
<text font="2" height="13" left="1285" top="700" width="73">Herr  Walter </text>
<text font="2" height="13" left="1285" top="758" width="73">Frau  Eisner </text>
<text font="2" height="13" left="1285" top="777" width="98">Frau  von  Ziemer </text>
<text font="2" height="13" left="1285" top="835" width="53">Frau  S&#252;&#223; </text>
<text font="2" height="13" left="1285" top="854" width="66">Frau  Drews </text>
<text font="2" height="13" left="1284" top="912" width="81">Herr  Bre&#223;ler </text>
<text font="2" height="13" left="1284" top="931" width="59">Frau  Kauk </text>
<text font="2" height="13" left="1284" top="989" width="73">Frau  M&#252;ller </text>
<text font="2" height="13" left="1284" top="1008" width="65">Frau  Meyer </text>
<text font="2" height="13" left="1284" top="1066" width="79">Frau  Neumann </text>
<text font="2" height="13" left="1284" top="1085" width="85">Frau  Herrmann </text>
<text font="2" height="13" left="1429" top="215" width="35">Tele&#183; </text>
<text font="2" height="13" left="1429" top="235" width="27">fon&#183; </text>
<text font="2" height="13" left="1429" top="254" width="41">m.mner </text>
<text font="2" height="13" left="1429" top="295" width="41">039841 </text>
<text font="2" height="13" left="1428" top="314" width="28">2189 </text>
<text font="2" height="13" left="1428" top="372" width="41">03987/ </text>
<text font="2" height="13" left="1428" top="391" width="28">6282 </text>
<text font="11" height="11" left="1428" top="450" width="41"><i>039871 </i></text>
<text font="2" height="13" left="1427" top="468" width="28">6872 </text>
<text font="2" height="13" left="1428" top="526" width="48">039881/ </text>
<text font="2" height="13" left="1428" top="546" width="21">234 </text>
<text font="2" height="13" left="1427" top="603" width="48">039885/ </text>
<text font="2" height="13" left="1427" top="622" width="28">2245 </text>
<text font="2" height="13" left="1427" top="681" width="41">03987/ </text>
<text font="2" height="13" left="1427" top="700" width="26">2021 </text>
<text font="2" height="13" left="1427" top="758" width="48">039884/ </text>
<text font="2" height="13" left="1427" top="777" width="28">1534 </text>
<text font="11" height="11" left="1426" top="836" width="48"><i>0398881 </i></text>
<text font="2" height="13" left="1426" top="854" width="22">434 </text>
<text font="2" height="13" left="1426" top="913" width="41">033311 </text>
<text font="2" height="13" left="1425" top="931" width="36">32506 </text>
<text font="2" height="13" left="1426" top="990" width="48">0397451 </text>
<text font="2" height="13" left="1426" top="1009" width="20">261 </text>
<text font="2" height="13" left="1425" top="1066" width="47">0397401 </text>
<text font="2" height="13" left="1425" top="1086" width="22">415 </text>
<text font="0" height="16" left="1526" top="109" width="136"><b>Grundschulen </b></text>
<text font="2" height="13" left="1499" top="215" width="42">Tr&#228;ger </text>
<text font="3" height="12" left="1545" top="216" width="7"><i>I </i></text>
<text font="2" height="13" left="1499" top="235" width="48">Rechts&#183; </text>
<text font="2" height="13" left="1499" top="254" width="43">status </text>
<text font="2" height="13" left="1500" top="295" width="16">06 </text>
<text font="12" height="12" left="1501" top="315" width="11">1 </text>
<text font="2" height="13" left="1500" top="372" width="16">06 </text>
<text font="2" height="13" left="1500" top="449" width="15">06 </text>
<text font="2" height="13" left="1500" top="526" width="15">06 </text>
<text font="5" height="13" left="1500" top="546" width="10">1 </text>
<text font="2" height="13" left="1499" top="603" width="15">06 </text>
<text font="2" height="13" left="1499" top="681" width="15">06 </text>
<text font="2" height="13" left="1499" top="758" width="15">06 </text>
<text font="2" height="13" left="1499" top="835" width="15">06 </text>
<text font="2" height="13" left="1499" top="854" width="10">1 </text>
<text font="2" height="13" left="1498" top="913" width="15">06 </text>
<text font="2" height="13" left="1498" top="990" width="16">06 </text>
<text font="2" height="13" left="1497" top="1066" width="15">06 </text>
<text font="2" height="13" left="1584" top="215" width="62">Besondere </text>
<text font="2" height="13" left="1584" top="234" width="55">Hinweise </text>
<text font="2" height="13" left="1587" top="294" width="37">Filial</text>
<text font="6" height="13" left="1626" top="294" width="10">e </text>
</page>
<page height="1261" left="0" number="18" position="absolute" top="0" width="1699">
	<fontspec color="#343434" family="Times" id="13" size="15" />
	<fontspec color="#484848" family="Times" id="14" size="15" />
	<fontspec color="#343434" family="Times" id="15" size="15" />
	<fontspec color="#343434" family="Times" id="16" size="11" />
	<fontspec color="#343434" family="Helvetica" id="17" size="10" />
	<fontspec color="#343434" family="Helvetica" id="18" size="11" />
	<fontspec color="#343434" family="Times" id="19" size="10" />
	<fontspec color="#232323" family="Times" id="20" size="11" />
	<fontspec color="#343434" family="Times" id="21" size="10" />
<text font="13" height="16" left="409" top="87" width="59">- 44  -</text>
<text font="14" height="16" left="56" top="100" width="135"><b>Grundschulen </b></text>
<text font="13" height="16" left="1235" top="91" width="6">-</text>
<text font="13" height="16" left="1257" top="91" width="38">45  -</text>
<text font="15" height="16" left="1523" top="107" width="137"><b>Grundschulen </b></text>
<text font="15" height="16" left="880" top="143" width="213"><b>Landkreis  Bavelland </b></text>
<text font="13" height="16" left="880" top="161" width="363">ehemals  Kreise  Nauen  und  Rathenow </text>
<text font="16" height="13" left="57" top="201" width="81">Schulmmner/ </text>
<text font="16" height="13" left="173" top="201" width="101">Name,  Anschrift </text>
<text font="16" height="13" left="445" top="201" width="107">amt.  Schulleiter </text>
<text font="17" height="11" left="554" top="201" width="7"><i>I </i></text>
<text font="16" height="13" left="586" top="201" width="30">Tele-</text>
<text font="16" height="13" left="657" top="201" width="42">Tr&#228;ger </text>
<text font="18" height="12" left="703" top="200" width="7"><i>I </i></text>
<text font="16" height="13" left="741" top="200" width="62">Besondere </text>
<text font="16" height="13" left="56" top="220" width="101">Kurzbezeichnung </text>
<text font="16" height="13" left="446" top="221" width="126">amt.  Stellvertreter </text>
<text font="16" height="13" left="587" top="220" width="27">fon&#183; </text>
<text font="16" height="13" left="657" top="220" width="44">Rechts-</text>
<text font="16" height="13" left="742" top="219" width="55">Hinweise </text>
<text font="16" height="13" left="896" top="209" width="81">Schulnl.lllllerl </text>
<text font="16" height="13" left="1013" top="210" width="101">Name,  Anschrift </text>
<text font="16" height="13" left="1284" top="210" width="107">amt.  Schulleiter </text>
<text font="17" height="12" left="1394" top="210" width="7"><i>I </i></text>
<text font="16" height="13" left="1425" top="210" width="31">Tele-</text>
<text font="16" height="13" left="1496" top="209" width="42">Tr&#228;ger </text>
<text font="17" height="12" left="1542" top="210" width="7"><i>I </i></text>
<text font="16" height="13" left="1580" top="209" width="62">Besondere </text>
<text font="16" height="13" left="896" top="228" width="101">Kurzbezeichnung </text>
<text font="16" height="13" left="1284" top="229" width="127">amt.  Stellvertreter </text>
<text font="16" height="13" left="1425" top="229" width="24">fon-</text>
<text font="16" height="13" left="1496" top="228" width="44">Rechts-</text>
<text font="16" height="13" left="1581" top="228" width="55">Hinweise </text>
<text font="16" height="13" left="586" top="239" width="40">n1.11111er </text>
<text font="16" height="13" left="657" top="239" width="44">status </text>
<text font="16" height="13" left="1425" top="248" width="41">n1.11111er </text>
<text font="16" height="13" left="1496" top="248" width="43">status </text>
<text font="16" height="13" left="53" top="280" width="41">110413 </text>
<text font="16" height="13" left="171" top="280" width="148">Pestalozzi-Grundschule </text>
<text font="16" height="13" left="444" top="280" width="60">Herr  Zill </text>
<text font="16" height="13" left="586" top="280" width="48">033334/ </text>
<text font="16" height="13" left="658" top="279" width="15">06 </text>
<text font="16" height="13" left="892" top="289" width="41">103536 </text>
<text font="16" height="13" left="1010" top="289" width="179">Grundschule  "A.  Diesterweg" </text>
<text font="16" height="13" left="1283" top="289" width="60">Herr  Bahr </text>
<text font="16" height="13" left="1425" top="289" width="41">03322/ </text>
<text font="16" height="13" left="1497" top="289" width="15">06 </text>
<text font="16" height="13" left="53" top="299" width="14">G </text>
<text font="16" height="13" left="171" top="298" width="83">Burgstra&#223;e  5 </text>
<text font="16" height="13" left="445" top="300" width="66">Frau  Pauls </text>
<text font="16" height="13" left="587" top="299" width="22">227 </text>
<text font="16" height="13" left="892" top="308" width="14">G </text>
<text font="16" height="13" left="1010" top="308" width="113">Hertzstra&#223;e  19-25 </text>
<text font="16" height="13" left="1283" top="308" width="80">Frau  Hasford </text>
<text font="16" height="13" left="1424" top="308" width="29">3706 </text>
<text font="16" height="13" left="171" top="318" width="141">0  &#8226;  1321  Greiffenberg </text>
<text font="16" height="13" left="1009" top="326" width="121">0  - 1540  Falkensee </text>
<text font="16" height="13" left="53" top="356" width="42">110437 </text>
<text font="16" height="13" left="170" top="356" width="75">Grundschule </text>
<text font="16" height="13" left="444" top="357" width="73">Frau  Beting </text>
<text font="16" height="13" left="586" top="356" width="48">033331/ </text>
<text font="16" height="13" left="658" top="356" width="15">06 </text>
<text font="16" height="13" left="892" top="365" width="41">103548 </text>
<text font="16" height="13" left="1010" top="365" width="113">Grundschule  "DSF" </text>
<text font="16" height="13" left="1283" top="365" width="73">Herr  Dohnke </text>
<text font="16" height="13" left="1424" top="365" width="42">03321/ </text>
<text font="16" height="13" left="1497" top="364" width="15">06 </text>
<text font="16" height="13" left="1584" top="364" width="48">FiLiaLe </text>
<text font="16" height="13" left="53" top="376" width="14">G </text>
<text font="16" height="13" left="171" top="375" width="129">Stra&#223;e  der  Jugend  2 </text>
<text font="16" height="13" left="586" top="375" width="21">491 </text>
<text font="16" height="13" left="892" top="385" width="14">G </text>
<text font="16" height="13" left="1010" top="384" width="108">Stra&#223;e  der  DSF  3 </text>
<text font="16" height="13" left="1283" top="384" width="72">Frau  M&#252;lLer </text>
<text font="16" height="13" left="1424" top="384" width="36">32612 </text>
<text font="16" height="13" left="1497" top="384" width="10">1 </text>
<text font="16" height="13" left="170" top="395" width="108">0  - 1321  Casekow </text>
<text font="16" height="13" left="1009" top="404" width="94">0  - 1550  Nauen </text>
<text font="16" height="13" left="53" top="434" width="41">111843 </text>
<text font="16" height="13" left="170" top="434" width="75">Grundschule </text>
<text font="16" height="13" left="444" top="434" width="66">Frau  Griem </text>
<text font="16" height="13" left="585" top="434" width="48">039862/ </text>
<text font="16" height="13" left="657" top="434" width="16">06 </text>
<text font="16" height="13" left="744" top="434" width="49">Filiale </text>
<text font="16" height="13" left="892" top="443" width="41">103550 </text>
<text font="16" height="13" left="1009" top="443" width="166">Wilhelm-Pieck-Grundschule </text>
<text font="16" height="13" left="1282" top="442" width="79">Herr  Schmidt </text>
<text font="16" height="13" left="1424" top="442" width="41">033211 </text>
<text font="16" height="13" left="1496" top="443" width="15">06 </text>
<text font="16" height="13" left="1583" top="442" width="49">Filiale </text>
<text font="16" height="13" left="53" top="453" width="14">G </text>
<text font="16" height="13" left="170" top="453" width="88">Dorfstra&#223;e  42 </text>
<text font="16" height="13" left="445" top="453" width="79">Frl.  Alseher </text>
<text font="16" height="13" left="586" top="453" width="29">2016 </text>
<text font="16" height="13" left="892" top="462" width="14">G </text>
<text font="16" height="13" left="1009" top="462" width="108">Stra&#223;e  der  DSF  3 </text>
<text font="16" height="13" left="1282" top="462" width="66">Frau  Fuchs </text>
<text font="16" height="13" left="1424" top="462" width="35">32613 </text>
<text font="16" height="13" left="170" top="472" width="115">0  - 2131  Schm&#246;lln </text>
<text font="16" height="13" left="1009" top="481" width="94">0  - 1550  Nauen </text>
<text font="16" height="13" left="53" top="511" width="41">112197 </text>
<text font="16" height="13" left="170" top="511" width="99">Grundschule  111 </text>
<text font="16" height="13" left="444" top="511" width="60">Frau  Pilz </text>
<text font="19" height="11" left="585" top="512" width="41"><i>039671 </i></text>
<text font="16" height="13" left="658" top="511" width="15">06 </text>
<text font="16" height="13" left="892" top="520" width="39">103561 </text>
<text font="16" height="13" left="1009" top="520" width="224">Rosa-Luxemburg-Grundschule  Dallgow </text>
<text font="16" height="13" left="1282" top="520" width="67">Herr  Stell </text>
<text font="16" height="13" left="1424" top="520" width="41">033221 </text>
<text font="16" height="13" left="1496" top="520" width="15">06 </text>
<text font="16" height="13" left="1583" top="520" width="49">Filiale </text>
<text font="16" height="13" left="53" top="530" width="14">G </text>
<text font="16" height="14" left="171" top="530" width="159">Rosa-Luxemburg-Stra&#223;e  18 </text>
<text font="16" height="13" left="444" top="530" width="86">Herr  Reinbote </text>
<text font="16" height="13" left="586" top="530" width="28">5485 </text>
<text font="16" height="13" left="892" top="540" width="14">G </text>
<text font="16" height="13" left="1009" top="539" width="94">Wi  lmsstra&#223;e  56 </text>
<text font="16" height="13" left="1282" top="539" width="54">Herr  Sue </text>
<text font="16" height="13" left="1424" top="539" width="27">3521 </text>
<text font="16" height="13" left="170" top="549" width="108">0- 2090  Templin </text>
<text font="16" height="13" left="1009" top="558" width="107">0- 1543  Dallgow </text>
<text font="16" height="13" left="892" top="597" width="41">103573 </text>
<text font="16" height="13" left="1009" top="597" width="120">Grundschule  Wachow </text>
<text font="16" height="13" left="1282" top="597" width="80">Herr  Leopold </text>
<text font="20" height="13" left="1424" top="597" width="48">0332391 </text>
<text font="16" height="13" left="1496" top="597" width="15">06 </text>
<text font="16" height="13" left="1582" top="597" width="49">Filiale </text>
<text font="21" height="11" left="891" top="618" width="12">G </text>
<text font="16" height="13" left="1008" top="616" width="94">Schulstra&#223;e  10 </text>
<text font="16" height="13" left="1423" top="616" width="23">317 </text>
<text font="16" height="13" left="1008" top="636" width="100">0  - 1551  Wachow </text>
<text font="16" height="13" left="891" top="674" width="40">103585 </text>
<text font="16" height="13" left="1008" top="674" width="153">Grundschule  Paulinenaue </text>
<text font="16" height="13" left="1282" top="674" width="86">Frau  Bachmann </text>
<text font="20" height="13" left="1423" top="674" width="48">0332371 </text>
<text font="16" height="13" left="1496" top="674" width="15">06 </text>
<text font="16" height="13" left="1582" top="674" width="49">Filiale </text>
<text font="16" height="13" left="891" top="694" width="14">G </text>
<text font="16" height="13" left="1008" top="694" width="102">Bahnhofstra&#223;e  6 </text>
<text font="16" height="13" left="1282" top="693" width="67">Herr  Frost </text>
<text font="20" height="13" left="1424" top="694" width="22">228 </text>
<text font="16" height="13" left="1008" top="713" width="135">0- 1551  Paulinenaue </text>
<text font="16" height="13" left="891" top="752" width="41">103597 </text>
<text font="16" height="13" left="1008" top="751" width="146">Grundschule  Wustermark </text>
<text font="16" height="13" left="1282" top="751" width="86">Frau  SchiLler </text>
<text font="16" height="13" left="1423" top="751" width="48">0332341 </text>
<text font="16" height="13" left="1496" top="751" width="15">08 </text>
<text font="16" height="13" left="891" top="771" width="14">G </text>
<text font="16" height="13" left="1009" top="771" width="121">Hamburger  Stra&#223;e  8 </text>
<text font="16" height="13" left="1282" top="771" width="66">Frau  Apitz </text>
<text font="16" height="13" left="1423" top="771" width="22">242 </text>
<text font="16" height="13" left="1008" top="790" width="127">0  - 1551  Wustermark </text>
<text font="16" height="13" left="891" top="829" width="40">103603 </text>
<text font="16" height="13" left="1008" top="829" width="120">Grundschule  Senzke </text>
<text font="16" height="13" left="1282" top="829" width="52">Frau  Rus </text>
<text font="16" height="13" left="1423" top="829" width="48">0332381 </text>
<text font="16" height="13" left="1495" top="829" width="16">06 </text>
<text font="21" height="11" left="891" top="849" width="12">G </text>
<text font="16" height="13" left="1008" top="848" width="86">Dorfstra&#223;e  21 </text>
<text font="16" height="13" left="1281" top="848" width="66">Herr  Thiel </text>
<text font="16" height="13" left="1423" top="848" width="22">224 </text>
<text font="16" height="13" left="1007" top="867" width="102">0  - 1551  Senzke </text>
<text font="16" height="13" left="891" top="906" width="40">103615 </text>
<text font="16" height="13" left="1008" top="906" width="146">Grundschule  Sch&#246;nwalde </text>
<text font="16" height="13" left="1281" top="906" width="60">Herr  Rose </text>
<text font="16" height="13" left="1423" top="906" width="41">03322/ </text>
<text font="16" height="13" left="1495" top="907" width="15">06 </text>
<text font="16" height="13" left="891" top="925" width="14">G </text>
<text font="16" height="13" left="1008" top="925" width="87">Sachsenweg  24 </text>
<text font="16" height="13" left="1281" top="925" width="72">Herr  Weimer </text>
<text font="16" height="13" left="1422" top="925" width="29">3624 </text>
<text font="16" height="13" left="1007" top="944" width="127">0  - 1545  Sch&#246;nwalde </text>
<text font="16" height="13" left="891" top="982" width="41">103627 </text>
<text font="16" height="13" left="1008" top="983" width="141">Grundschule  Perwenitz </text>
<text font="16" height="13" left="1281" top="982" width="73">Frau  D&#252;ring </text>
<text font="16" height="13" left="1423" top="983" width="47">0332311 </text>
<text font="16" height="13" left="1495" top="983" width="15">06 </text>
<text font="16" height="13" left="891" top="1001" width="14">G </text>
<text font="16" height="13" left="1008" top="1002" width="88">Turmstra&#223;e  87 </text>
<text font="16" height="13" left="1280" top="1001" width="73">Herr  Zinnow </text>
<text font="16" height="13" left="1422" top="1002" width="22">246 </text>
<text font="16" height="13" left="1495" top="1002" width="10">1 </text>
<text font="16" height="13" left="1007" top="1021" width="121">0  - 1551  Perwenitz </text>
<text font="16" height="13" left="891" top="1059" width="40">103639 </text>
<text font="16" height="13" left="1008" top="1060" width="153">K.-Kollwitz-Grundschule </text>
<text font="16" height="13" left="1280" top="1060" width="67">Herr  Ramin </text>
<text font="16" height="13" left="1422" top="1060" width="41">033211 </text>
<text font="16" height="13" left="1494" top="1060" width="15">06 </text>
<text font="16" height="13" left="891" top="1078" width="14">G </text>
<text font="16" height="13" left="1007" top="1079" width="142">Martin-Luther-Platz  2 </text>
<text font="16" height="13" left="1280" top="1079" width="86">Frau  Sch&#246;nner </text>
<text font="16" height="13" left="1422" top="1079" width="36">32232 </text>
<text font="16" height="13" left="1007" top="1099" width="94">0  - 1550  Nauen </text>
</page>
<page height="1261" left="0" number="19" position="absolute" top="0" width="1699">
	<fontspec color="#313131" family="Times" id="22" size="14" />
	<fontspec color="#313131" family="Helvetica" id="23" size="13" />
	<fontspec color="#313131" family="Times" id="24" size="15" />
	<fontspec color="#313131" family="Times" id="25" size="11" />
	<fontspec color="#313131" family="Helvetica" id="26" size="10" />
	<fontspec color="#5e5e5e" family="Times" id="27" size="11" />
	<fontspec color="#313131" family="Times" id="28" size="12" />
<text font="22" height="15" left="404" top="86" width="6">-</text>
<text font="22" height="15" left="425" top="86" width="38">46  -</text>
<text font="23" height="14" left="1239" top="89" width="5">-</text>
<text font="23" height="14" left="1260" top="89" width="38">47  -</text>
<text font="24" height="16" left="51" top="104" width="136"><b>Grundschulen </b></text>
<text font="24" height="16" left="1526" top="104" width="137"><b>Grundschulen </b></text>
<text font="25" height="13" left="67" top="205" width="81">Schulm.mnerl </text>
<text font="25" height="13" left="183" top="205" width="101">Name,  Anschrift </text>
<text font="25" height="13" left="455" top="205" width="107">amt.  Schulleiter </text>
<text font="26" height="12" left="564" top="205" width="7"><i>I </i></text>
<text font="25" height="13" left="596" top="205" width="31">Tele-</text>
<text font="25" height="13" left="667" top="204" width="42">Tr&#228;ger </text>
<text font="26" height="12" left="713" top="205" width="7"><i>I </i></text>
<text font="25" height="13" left="751" top="204" width="63">Besondere </text>
<text font="25" height="13" left="899" top="211" width="81">Schulm.mnerl </text>
<text font="25" height="13" left="1016" top="211" width="101">Name,  Anschrift </text>
<text font="25" height="13" left="1288" top="212" width="107">amt.  Schulleiter </text>
<text font="26" height="12" left="1397" top="212" width="7"><i>I </i></text>
<text font="25" height="13" left="1429" top="211" width="31">Tele-</text>
<text font="25" height="13" left="1500" top="211" width="42">Tr&#228;ger </text>
<text font="26" height="12" left="1545" top="212" width="7"><i>I </i></text>
<text font="25" height="13" left="1584" top="211" width="62">Besondere </text>
<text font="25" height="13" left="67" top="224" width="101">Kurzbezeichnung </text>
<text font="25" height="13" left="455" top="224" width="127">amt.  Stellvertreter </text>
<text font="25" height="13" left="596" top="224" width="23">fon-</text>
<text font="25" height="13" left="667" top="224" width="44">Rechts-</text>
<text font="25" height="13" left="752" top="223" width="55">Hinweise </text>
<text font="25" height="13" left="899" top="231" width="101">Kurzbezeichnung </text>
<text font="25" height="13" left="1287" top="231" width="127">amt.  Stellvertreter </text>
<text font="25" height="13" left="1429" top="231" width="23">fon-</text>
<text font="25" height="13" left="1499" top="231" width="44">Rechts-</text>
<text font="25" height="13" left="1584" top="230" width="55">Hinweise </text>
<text font="25" height="13" left="596" top="243" width="41">mmner </text>
<text font="25" height="13" left="667" top="243" width="43">status </text>
<text font="25" height="13" left="1429" top="250" width="41">m.mner </text>
<text font="25" height="13" left="1499" top="250" width="44">status </text>
<text font="25" height="13" left="64" top="283" width="41">103640 </text>
<text font="25" height="13" left="181" top="283" width="121">Grundschule  Ketzin </text>
<text font="25" height="13" left="454" top="284" width="86">Frau  Dittrich </text>
<text font="25" height="13" left="596" top="284" width="48">0332331 </text>
<text font="25" height="13" left="668" top="283" width="15">06 </text>
<text font="25" height="13" left="755" top="283" width="10">Fi</text>
<text font="27" height="13" left="768" top="283" width="4">l</text>
<text font="25" height="13" left="775" top="283" width="29">iale </text>
<text font="25" height="13" left="896" top="290" width="39">105181 </text>
<text font="25" height="13" left="1013" top="290" width="185">3.  Grundschule  "Am  Weinberg" </text>
<text font="25" height="13" left="1286" top="290" width="74">Herr  llgner </text>
<text font="25" height="13" left="1428" top="290" width="41">033851 </text>
<text font="25" height="13" left="1500" top="289" width="16">06 </text>
<text font="25" height="13" left="63" top="303" width="14">G </text>
<text font="25" height="13" left="180" top="303" width="107">W.&#183;Pieck-Ring  20 </text>
<text font="25" height="13" left="454" top="303" width="72">Frau  Ganzer </text>
<text font="25" height="13" left="596" top="303" width="21">224 </text>
<text font="25" height="13" left="895" top="309" width="14">G </text>
<text font="25" height="13" left="1013" top="309" width="83">Schulplatz  3 </text>
<text font="25" height="13" left="1287" top="309" width="81">Herr  Stieger </text>
<text font="25" height="13" left="1428" top="309" width="28">2262 </text>
<text font="25" height="13" left="1501" top="309" width="10">1 </text>
<text font="25" height="13" left="181" top="322" width="102">0  - 1554  Ketzin </text>
<text font="25" height="13" left="1013" top="328" width="114">0  - 1830  Rathenow </text>
<text font="25" height="13" left="64" top="361" width="41">103652 </text>
<text font="25" height="13" left="181" top="360" width="160">Grundschule  Gro&#223;  Behni tz </text>
<text font="25" height="13" left="454" top="361" width="66">Herr  Kunis </text>
<text font="25" height="13" left="596" top="361" width="47">0332391 </text>
<text font="25" height="13" left="668" top="360" width="15">06 </text>
<text font="25" height="13" left="896" top="368" width="41">105193 </text>
<text font="25" height="13" left="1013" top="368" width="231">4.  Grundschule  "Geschwister  Scholl" </text>
<text font="25" height="13" left="1286" top="367" width="66">Herr  Kurth </text>
<text font="25" height="13" left="1428" top="368" width="41">033851 </text>
<text font="25" height="13" left="1500" top="367" width="15">06 </text>
<text font="25" height="13" left="63" top="380" width="14">G </text>
<text font="25" height="13" left="181" top="379" width="88">Dorfstra&#223;e  68 </text>
<text font="25" height="13" left="595" top="379" width="22">355 </text>
<text font="25" height="13" left="895" top="388" width="14">G </text>
<text font="25" height="13" left="1013" top="387" width="166">Geschwister-Scholl-Stra&#223;e </text>
<text font="28" height="13" left="1182" top="387" width="11"><i>7 </i></text>
<text font="25" height="13" left="1196" top="387" width="10">a </text>
<text font="25" height="13" left="1287" top="386" width="60">Frau  Feld </text>
<text font="25" height="13" left="1428" top="386" width="28">2105 </text>
<text font="25" height="13" left="180" top="398" width="141">0  - 1551  Gro&#223;  Behnitz </text>
<text font="25" height="13" left="1013" top="406" width="114">0  - 1830  Rathenow </text>
<text font="25" height="13" left="64" top="438" width="41">103664 </text>
<text font="25" height="13" left="181" top="438" width="139">Grundschule  "1.  Kant" </text>
<text font="25" height="13" left="454" top="437" width="86">Herr  Heinrich </text>
<text font="25" height="13" left="596" top="438" width="41">033221 </text>
<text font="25" height="13" left="668" top="437" width="15">06 </text>
<text font="25" height="13" left="896" top="445" width="41">105200 </text>
<text font="25" height="13" left="1013" top="445" width="147">Grundschule  "Altstadt" </text>
<text font="25" height="13" left="1286" top="445" width="73">Herr  Mantau </text>
<text font="25" height="13" left="1428" top="445" width="41">033851 </text>
<text font="25" height="13" left="1500" top="445" width="15">06 </text>
<text font="25" height="13" left="63" top="457" width="14">G </text>
<text font="25" height="13" left="181" top="457" width="88">Kantstra&#223;e  37 </text>
<text font="25" height="13" left="454" top="457" width="78">Frau  Ne1.111ann </text>
<text font="25" height="13" left="595" top="457" width="29">3936 </text>
<text font="25" height="13" left="895" top="465" width="14">G </text>
<text font="25" height="13" left="1013" top="465" width="76">Baustra&#223;e  5 </text>
<text font="25" height="13" left="1286" top="464" width="79">Frau  Schmidt </text>
<text font="25" height="13" left="1428" top="464" width="28">2324 </text>
<text font="25" height="13" left="180" top="476" width="121">0  - 1540  Falkensee </text>
<text font="25" height="13" left="1013" top="483" width="114">0  - 1831  Rathenow </text>
<text font="25" height="13" left="63" top="515" width="41">103676 </text>
<text font="25" height="13" left="180" top="515" width="198">Grundschule  "Friedrich  Engels" </text>
<text font="25" height="13" left="454" top="515" width="65">Frau  Dames </text>
<text font="25" height="13" left="595" top="515" width="41">033221 </text>
<text font="25" height="13" left="668" top="515" width="16">06 </text>
<text font="25" height="13" left="895" top="522" width="39">105211 </text>
<text font="25" height="13" left="1012" top="522" width="95">5.  Grundschule </text>
<text font="25" height="13" left="1286" top="521" width="73">Herr  Goldan </text>
<text font="25" height="13" left="1428" top="521" width="41">033851 </text>
<text font="25" height="13" left="1500" top="521" width="15">06 </text>
<text font="25" height="13" left="63" top="534" width="14">G </text>
<text font="25" height="13" left="180" top="534" width="134">Rathenaustra&#223;e  35-37 </text>
<text font="25" height="13" left="454" top="534" width="78">Frau  Schmidt </text>
<text font="25" height="13" left="595" top="534" width="29">3753 </text>
<text font="25" height="13" left="895" top="542" width="14">G </text>
<text font="25" height="13" left="1013" top="541" width="167">Pfarrer-Fr&#246;hlich-Stra&#223;e  9 </text>
<text font="25" height="13" left="1286" top="541" width="85">Frau  Herrmann </text>
<text font="25" height="13" left="1428" top="541" width="26">2961 </text>
<text font="25" height="13" left="1500" top="541" width="10">1 </text>
<text font="25" height="13" left="180" top="553" width="121">0  - 1540  Falkensee </text>
<text font="25" height="13" left="1012" top="560" width="114">0  - 1830  Rathenow </text>
<text font="25" height="13" left="63" top="591" width="41">103688 </text>
<text font="25" height="13" left="180" top="591" width="127">Lessing-Grundschule </text>
<text font="25" height="13" left="454" top="591" width="80">Frau  Sielaff </text>
<text font="25" height="13" left="595" top="591" width="41">033221 </text>
<text font="25" height="13" left="667" top="591" width="15">06 </text>
<text font="25" height="13" left="895" top="600" width="41">105223 </text>
<text font="25" height="13" left="1012" top="599" width="172">Grundschule  "Am  Dachsberg" </text>
<text font="25" height="13" left="1285" top="599" width="73">Herr  Warnke </text>
<text font="25" height="13" left="1428" top="599" width="41">033861 </text>
<text font="25" height="13" left="1500" top="599" width="15">06 </text>
<text font="25" height="13" left="63" top="611" width="14">G </text>
<text font="25" height="13" left="180" top="610" width="102">Waldstra&#223;e  27  a </text>
<text font="25" height="13" left="453" top="610" width="60">Herr  D&#252;rr </text>
<text font="25" height="13" left="595" top="610" width="29">3759 </text>
<text font="25" height="13" left="895" top="619" width="14">G </text>
<text font="25" height="13" left="1012" top="619" width="126">Karl-Marx-Stra&#223;e  15 </text>
<text font="25" height="13" left="1286" top="618" width="60">Frau  Sei&#223; </text>
<text font="25" height="13" left="1428" top="618" width="28">2023 </text>
<text font="25" height="13" left="1500" top="619" width="10">1 </text>
<text font="25" height="13" left="179" top="629" width="193">0  - 1542  Falkensee-Finkenkrug </text>
<text font="25" height="13" left="1012" top="638" width="114">0  - 2832  Premnitz </text>
<text font="25" height="13" left="63" top="669" width="41">103690 </text>
<text font="25" height="13" left="180" top="668" width="153">Grundschule  am  Gutspark </text>
<text font="25" height="13" left="454" top="668" width="79">Frau  Elsholz </text>
<text font="25" height="13" left="595" top="668" width="41">03322/ </text>
<text font="25" height="13" left="667" top="668" width="15">06 </text>
<text font="25" height="13" left="895" top="677" width="40">105235 </text>
<text font="25" height="13" left="1012" top="677" width="211">Grundschule  "Geschwister  Scholl" </text>
<text font="25" height="13" left="1285" top="677" width="80">Herr  Sch&#228;fer </text>
<text font="25" height="13" left="1428" top="677" width="41">03386/ </text>
<text font="25" height="13" left="1500" top="677" width="15">06 </text>
<text font="25" height="13" left="63" top="688" width="14">G </text>
<text font="25" height="13" left="180" top="688" width="89">Am  Gutspark  5 </text>
<text font="25" height="13" left="453" top="687" width="92">Herr  Hegenbart </text>
<text font="25" height="13" left="595" top="688" width="29">3353 </text>
<text font="25" height="13" left="668" top="688" width="10">1 </text>
<text font="25" height="13" left="894" top="696" width="14">G </text>
<text font="25" height="13" left="1013" top="696" width="93">Hauptstra&#223;e  24 </text>
<text font="25" height="13" left="1286" top="696" width="74">Frau  Kolrep </text>
<text font="25" height="13" left="1428" top="696" width="26">2061 </text>
<text font="25" height="13" left="179" top="707" width="121">0  - 1540  Falkensee </text>
<text font="25" height="13" left="1011" top="715" width="115">0  - 1832  Premnitz </text>
<text font="25" height="13" left="63" top="747" width="41">103706 </text>
<text font="25" height="13" left="180" top="746" width="147">Grundschule  Brieselang </text>
<text font="25" height="13" left="453" top="746" width="85">Frau  Hoffmann </text>
<text font="25" height="13" left="595" top="746" width="48">033232/ </text>
<text font="25" height="13" left="667" top="746" width="16">06 </text>
<text font="25" height="13" left="895" top="754" width="41">105247 </text>
<text font="25" height="13" left="1012" top="754" width="113">Grundschule  Milow </text>
<text font="25" height="13" left="1285" top="753" width="86">Herr  Schubert </text>
<text font="25" height="13" left="1427" top="753" width="41">03386/ </text>
<text font="25" height="13" left="1499" top="754" width="15">06 </text>
<text font="25" height="13" left="62" top="767" width="14">G </text>
<text font="25" height="13" left="179" top="766" width="102">Am  Schulplatz  5 </text>
<text font="25" height="13" left="453" top="766" width="66">Frau  Nieke </text>
<text font="25" height="13" left="595" top="766" width="28">1410 </text>
<text font="25" height="13" left="894" top="773" width="14">G </text>
<text font="25" height="13" left="1012" top="773" width="101">Forststra&#223;e  2  a </text>
<text font="25" height="13" left="1285" top="773" width="84">Frau  Henschel </text>
<text font="25" height="13" left="1427" top="773" width="29">2027 </text>
<text font="25" height="13" left="1499" top="773" width="10">1 </text>
<text font="25" height="13" left="179" top="785" width="128">0  - 1552  Brieselang </text>
<text font="25" height="13" left="1011" top="793" width="94">0  - 1831  Mi  low </text>
<text font="25" height="13" left="62" top="823" width="41">105156 </text>
<text font="25" height="13" left="179" top="822" width="180">Kooperationsschule  Friesack </text>
<text font="25" height="13" left="452" top="822" width="73">Herr  Scholz </text>
<text font="25" height="13" left="594" top="823" width="48">0332351 </text>
<text font="25" height="13" left="667" top="823" width="15">06 </text>
<text font="25" height="13" left="894" top="831" width="41">105259 </text>
<text font="25" height="13" left="1011" top="831" width="101">Grundschule-S&#252;d </text>
<text font="25" height="13" left="1285" top="831" width="60">Frau  Hahn </text>
<text font="25" height="13" left="1427" top="831" width="42">03386/ </text>
<text font="25" height="13" left="1499" top="831" width="16">06 </text>
<text font="25" height="13" left="62" top="843" width="14">G </text>
<text font="25" height="13" left="179" top="842" width="61">Sonnenweg </text>
<text font="25" height="13" left="453" top="842" width="58">Frau  Koch </text>
<text font="25" height="13" left="595" top="842" width="28">1492 </text>
<text font="25" height="13" left="667" top="843" width="10">1 </text>
<text font="25" height="13" left="894" top="851" width="14">G </text>
<text font="25" height="13" left="1011" top="850" width="77">M&#252;hlenweg  1 </text>
<text font="25" height="13" left="1285" top="850" width="86">Frau  Hoffmann </text>
<text font="25" height="13" left="1426" top="850" width="21">301 </text>
<text font="25" height="13" left="1499" top="850" width="10">1 </text>
<text font="25" height="13" left="179" top="861" width="115">0  - 1553  Friesack </text>
<text font="25" height="13" left="1011" top="870" width="114">0  - 1832  Premnitz </text>
<text font="25" height="13" left="62" top="901" width="41">105168 </text>
<text font="25" height="13" left="180" top="900" width="178">1.  Grundschule  Rathenow-Ost </text>
<text font="25" height="13" left="452" top="900" width="85">Frau  Holweger </text>
<text font="25" height="13" left="594" top="900" width="41">03385/ </text>
<text font="25" height="13" left="667" top="901" width="15">06 </text>
<text font="25" height="13" left="894" top="908" width="41">105260 </text>
<text font="25" height="13" left="1011" top="908" width="192">Grundschule  "Otto  Lilienthal" </text>
<text font="25" height="13" left="1284" top="908" width="59">Herr  Rall </text>
<text font="25" height="13" left="1427" top="908" width="47">033875/ </text>
<text font="25" height="13" left="1498" top="908" width="16">06 </text>
<text font="25" height="13" left="62" top="920" width="14">G </text>
<text font="25" height="13" left="179" top="919" width="121">Bruno-Baum-Ring  27 </text>
<text font="25" height="13" left="453" top="919" width="73">Frau  Sachse </text>
<text font="25" height="13" left="594" top="919" width="28">4113 </text>
<text font="25" height="13" left="894" top="927" width="14">G </text>
<text font="25" height="13" left="1012" top="927" width="96">Lindenstra&#223;e  1 </text>
<text font="25" height="13" left="1285" top="926" width="67">Frau  G&#246;tze </text>
<text font="25" height="13" left="1427" top="927" width="21">223 </text>
<text font="25" height="13" left="178" top="938" width="115">0  - 1830  Rathenow </text>
<text font="25" height="13" left="1011" top="946" width="102">0  - 1833  Rhinow </text>
<text font="25" height="13" left="62" top="978" width="41">105170 </text>
<text font="25" height="13" left="179" top="977" width="249">2.  Grundschule  "Friedrich  Ludwig  Jahn" </text>
<text font="25" height="13" left="452" top="976" width="59">Frau  Wolf </text>
<text font="25" height="13" left="594" top="977" width="41">03385/ </text>
<text font="25" height="13" left="666" top="978" width="16">06 </text>
<text font="25" height="13" left="895" top="985" width="40">105272 </text>
<text font="25" height="13" left="1011" top="985" width="75">Grundschule </text>
<text font="25" height="13" left="1284" top="985" width="60">Herr  Sahr </text>
<text font="25" height="13" left="1426" top="985" width="48">033873/ </text>
<text font="25" height="13" left="1498" top="985" width="15">06 </text>
<text font="25" height="13" left="61" top="997" width="14">G </text>
<text font="25" height="13" left="180" top="996" width="87">Jahnstra&#223;e  33 </text>
<text font="25" height="13" left="452" top="996" width="59">Herr  Gens </text>
<text font="25" height="13" left="594" top="996" width="28">2182 </text>
<text font="25" height="13" left="895" top="1004" width="14">G </text>
<text font="25" height="13" left="1011" top="1005" width="83">Parkstra&#223;e  5 </text>
<text font="25" height="13" left="1285" top="1004" width="72">Frau  Kr&#252;ger </text>
<text font="25" height="13" left="1426" top="1004" width="22">238 </text>
<text font="25" height="13" left="178" top="1015" width="114">0  - 1830  Rathenow </text>
<text font="25" height="13" left="1011" top="1024" width="133">0  - 1831  Gro&#223;wudicke </text>
<text font="25" height="13" left="895" top="1061" width="40">105284 </text>
<text font="25" height="13" left="1011" top="1063" width="146">Grundschule  Nennhausen </text>
<text font="25" height="13" left="1285" top="1062" width="92">Frau  Liebrecht </text>
<text font="25" height="13" left="1426" top="1062" width="48">033878/ </text>
<text font="25" height="13" left="1498" top="1063" width="15">06 </text>
<text font="25" height="13" left="895" top="1081" width="14">G </text>
<text font="25" height="13" left="1012" top="1082" width="101">Fontanestra&#223;e  2 </text>
<text font="25" height="13" left="1284" top="1082" width="79">Frau  Schmidt </text>
<text font="25" height="13" left="1426" top="1081" width="22">227 </text>
<text font="25" height="13" left="1011" top="1101" width="127">0  - 1831  Nennhausen </text>
</page>
</pdf2xml>